CODIGO_TRK,CODIGO_SAP
6881,VPTU0881
6880,VPTU0880
6879,VPTU0879
6875,VPTU0875
6874,VPTU0874
6873,VPTU0873
6872,VPTU0872
6871,VPTU0871
6869,VPTU0869
6868,VPTU0868
6867,VPTU0867
6866,VPTU0866
6865,VPTU0865
6864,VPTU0864
6863,VPTU0863
6860,VPTU0860
6859,VPTU0859
6858,VPTU0858
6857,VPTU0857
6855,VPTU0855
6854,VPTU0854
6852,VPTU0852
6851,VPTU0851
6850,VPTU0850
6848,VPTU0848
6845,VPTU0845
6843,VPTU0843
6842,VPTU0842
6841,VPTU0841
6840,VPTU0840
6839,VPTU0839
6838,VPTU0838
6837,VPTU0837
6835,VPTU0835
6834,VPTU0834
6833,VPTU0833
6832,VPTU0832
6831,VPTU0831
6830,VPTU0830
6828,VPTU0828
6827,VPTU0827
6826,VPTU0826
6825,VPTU0825
6823,VPTU0823
6822,VPTU0822
6820,VPTU0820
6819,VPTU0819
6818,VPTU0818
6817,VPTU0817
6816,VPTU0816
6815,VPTU0815
6814,VPTU0814
6813,VPTU0813
6809,VPTU0809
6808,VPTU0808
6807,VPTU0807
6806,VPTU0806
6804,VPTU0804
6803,VPTU0803
6802,VPTU0802
6801,VPTU0801
6800,VPTU0800
6799,VPTU0799
6798,VPTU0798
6797,VPTU0797
6796,VPTU0796
6795,VPTU0795
6794,VPTU0794
6793,VPTU0793
6792,VPTU0792
6791,VPTU0791
6790,VPTU0790
6789,VPTU0789
6788,VPTU0788
6787,VPTU0787
6781,VPTU0781
6776,VPTU0776
6775,VPTU0775
6774,VPTU0774
6773,VPTU0773
6772,VPTU0772
6771,VPTU0771
6770,VPTU0770
6769,VPTU0769
6768,VPTU0768
6767,VPTU0767
6766,VPTU0766
6765,VPTU0765
6764,VPTU0764
6763,VPTU0763
6762,VPTU0762
6761,VPTU0761
6760,VPTU0760
6759,VPTU0759
6758,VPTU0758
6754,VPTU0754
6753,VPTU0753
6752,VPTU0752
6751,VPTU0751
6750,VPTU0750
6749,VPTU0749
6748,VPTU0748
6747,VPTU0747
6743,VPTU0743
6742,VPTU0742
6721,VPTU0721
6713,VPTU0713
6710,VPTU0710
6705,VPTU0705
6704,VPTU0704
6702,VPTU0702
6701,VPTU0701
6700,VPTU0700
6696,VPTU0696
6693,VPTU0693
6691,VPTU0691
6688,VPTU0688
6687,VPTU0687
6686,VPTU0686
6685,VPTU0685
6684,VPTU0684
6683,VPTU0683
6682,VPTU0682
6681,VPTU0681
6680,VPTU0680
6679,VPTU0679
6677,VPTU0677
6676,VPTU0676
6675,VPTU0675
6672,VPTU0672
6648,VPTU0648
6647,VPTU0647
6646,VPTU0646
6645,VPTU0645
6644,VPTU0644
6641,VPTU0641
6639,VPTU0639
6638,VPTU0638
6637,VPTU0637
6636,VPTU0636
6635,VPTU0635
6634,VPTU0634
6633,VPTU0633
6632,VPTU0632
6631,VPTU0631
6630,VPTU0630
6629,VPTU0629
6628,VPTU0628
6619,VPTU0619
6618,VPTU0618
6617,VPTU0617
6615,VPTU0615
6614,VPTU0614
6613,VPTU0613
6612,VPTU0612
6610,VPTU0610
6609,VPTU0609
6608,VPTU0608
6606,VPTU0606
6605,VPTU0605
6602,VPTU0602
6599,VPTU0599
6598,VPTU0598
6597,VPTU0597
6595,VPTU0595
6594,VPTU0594
6593,VPTU0593
6591,VPTU0591
6590,VPTU0590
6589,VPTU0589
6587,VPTU0587
6586,VPTU0586
6585,VPTU0585
6574,VPTU0574
6573,VPTU0573
6564,VPTU0564
6563,VPTU0563
6562,VPTU0562
6558,VPTU0558
6557,VPTU0557
6556,VPTU0556
6554,VPTU0554
6553,VPTU0553
6544,VPTU0544
6543,VPTU0543
6542,VPTU0542
6522,VPTU0522
6515,VPTU0515
6510,VPTU0510
6508,VPTU0508
6507,VPTU0507
6486,VPTU0486
6479,VPTU0479
6478,VPTU0478
6477,VPTU0477
6476,VPTU0476
6469,VPTU0469
6468,VPTU0468
6467,VPTU0467
6466,VPTU0466
6465,VPTU0465
6462,VPTU0462
6459,VPTU0459
6458,VPTU0458
6456,VPTU0456
6455,VPTU0455
6454,VPTU0454
6449,VPTU0449
6448,VPTU0448
6447,VPTU0447
6445,VPTU0445
6442,VPTU0442
6441,VPTU0441
6440,VPTU0440
6429,VPTU0429
6428,VPTU0428
6425,VPTU0425
6424,VPTU0424
6423,VPTU0423
6420,VPTU0420
6419,VPTU0419
6418,VPTU0418
6417,VPTU0417
6414,VPTU0414
6413,VPTU0413
6410,VPTU0410
6405,VPTU0405
6404,VPTU0404
6399,VPTU0399
6398,VPTU0398
6397,VPTU0397
6396,VPTU0396
6395,VPTU0395
6394,VPTU0394
6393,VPTU0393
6392,VPTU0392
6391,VPTU0391
6390,VPTU0390
6381,VPTU0381
6380,VPTU0380
6379,VPTU0379
6376,VPTU0376
6357,VPTU0357
6350,VPTU0350
6349,VPTU0349
6344,VPTU0344
6343,VPTU0343
6342,VPTU0342
6340,VPTU0340
6339,VPTU0339
6338,VPTU0338
6329,VPTU0329
6319,VPTU0319
6318,VPTU0318
6317,VPTU0317
6316,VPTU0316
6315,VPTU0315
6314,VPTU0314
6313,VPTU0313
6309,VPTU0309
6307,VPTU0307
6306,VPTU0306
6305,VPTU0305
6304,VPTU0304
6303,VPTU0303
6302,VPTU0302
6296,VPTU0296
6295,VPTU0295
6280,VPTU0280
6275,VPTU0275
6267,VPTU0267
6266,VPTU0266
6264,VPTU0264
6260,VPTU0260
6255,VPTU0255
6254,VPTU0254
6248,VPTU0248
6247,VPTU0247
6246,VPTU0246
6245,VPTU0245
6242,VPTU0242
6229,VPTU0229
6217,VPTU0217
6205,VPTU0205
6203,VPTU0203
6202,VPTU0202
6196,VPTU0196
6194,VPTU0194
6193,VPTU0193
6192,VPTU0192
6191,VPTU0191
6190,VPTU0190
6183,VPTU0183
6179,VPTU0179
6175,VPTU0175
6174,VPTU0174
6173,VPTU0173
6172,VPTU0172
6171,VPTU0171
6163,VPTU0163
6162,VPTU0162
6161,VPTU0161
6151,VPTU0151
6150,VPTU0150
6149,VPTU0149
6145,VPTU0145
6126,VPTU0126
6125,VPTU0125
6124,VPTU0124
6119,VPTU0119
6116,VPTU0116
6112,VPTU0112
6109,VPTU0109
6108,VPTU0108
6107,VPTU0107
6106,VPTU0106
6105,VPTU0105
6104,VPTU0104
6103,VPTU0103
6102,VPTU0102
6101,VPTU0101
6100,VPTU0100
6089,VPTU0089
6088,VPTU0088
6087,VPTU0087
6086,VPTU0086
6085,VPTU0085
6064,VPTU0064
6063,VPTU0063
6056,VPTU0056
6053,VPTU0053
6051,VPTU0051
6050,VPTU0050
6049,VPTU0049
6044,VPTU0044
6031,VPTU0031
6022,VPTU0022
6010,VPTU0010
6009,VPTU0009
8998,VPAC0998
8994,VPAC0994
8990,VPAC0990
8984,VPAC0984
8982,VPAC0982
8956,VPAC0956
8952,VPAC0952
8950,VPAC0950
8921,VPAC0921
8920,VPAC0920
8892,VPAC0892
8883,VPAC0883
8861,VPAC0861
8854,VPAC0854
8835,VPAC0835
8830,VPAC0830
8802,VPAC0802
8764,VPAC0764
8763,VPAC0763
8762,VPAC0762
8759,VPAC0759
8758,VPAC0758
8729,VPAC0729
8728,VPAC0728
8725,VPAC0725
8706,VPAC0706
8704,VPAC0704
8674,VPAC0674
8671,VPAC0671
8669,VPAC0669
8664,VPAC0664
8643,VPAC0643
8633,VPAC0633
8620,VPAC0620
8603,VPAC0603
8374,VPAC0374
8174,VPAC0174
8173,VPAC0173
8172,VPAC0172
8171,VPAC0171
8168,VPAC0168
8167,VPAC0167
8166,VPAC0166
8164,VPAC0164
8163,VPAC0163
8155,VPAC0155
8153,VPAC0153
8149,VPAC0149
8104,VPAC0104
8102,VPAC0102
8100,VPAC0100
8099,VPAC0099
8098,VPAC0098
8096,VPAC0096
8092,VPAC0092
8091,VPAC0091
8090,VPAC0090
8089,VPAC0089
8086,VPAC0086
8080,VPAC0080
8079,VPAC0079
8075,VPAC0075
8072,VPAC0072
8071,VPAC0071
8070,VPAC0070
8069,VPAC0069
8068,VPAC0068
8049,VPAC0049
8044,VPAC0044
8043,VPAC0043
8038,VPAC0038
8037,VPAC0037
8036,VPAC0036
8035,VPAC0035
8034,VPAC0034
8033,VPAC0033
8030,VPAC0030
8021,VPAC0021
8019,VPAC0019
8018,VPAC0018
8016,VPAC0016
8015,VPAC0015
8014,VPAC0014
8013,VPAC0013
8010,VPAC0010
8009,VPAC0009
8007,VPAC0007
8005,VPAC0005
90002,V2273872
90001,V2273871
250381,V2273866
210863,V2108634
998916,ET9989161
998912,ET9989129
998906,ET9989064
998902,ET9989021
957,ET9571
953,ET9539
939,ET9393
935,ET9350
934,ET9342
929,ET9296
927,ET927K
925,ET9253
924,ET9245
919,ET9199
917,ET9172
915,ET9156
914,ET9148
909,ET9091
905,ET9059
870696,ET8756964
875515,ET8755159
875514,ET8755140
875409,ET8754098
875408,ET875408K
875407,ET8754071
875406,ET8754063
875389,ET875389K
875388,ET8753881
875387,ET8753873
875386,ET8753865
875385,ET8753857
875375,ET875375K
875374,ET8753741
875373,ET8753733
875372,ET8753725
875371,ET8753717
875370,ET8753709
875369,ET8753695
875368,ET8753687
875367,ET8753679
875366,ET8753660
875365,ET8753652
875364,ET8753644
875363,ET8753636
875362,ET8753628
875361,ET875361K
875360,ET8753601
875359,ET8753598
875358,ET875358K
875357,ET8753571
875356,ET8753563
875355,ET8753555
875354,ET8753547
875348,ET8753482
875347,ET8753474
875346,ET8753466
875345,ET8753458
875344,ET875344K
875343,ET8753431
875342,ET8753423
875341,ET8753415
875340,ET8753407
875339,ET8753393
875338,ET8753385
875337,ET8753377
875332,ET8753326
875331,ET8753318
875312,ET8753121
875278,ET8752788
875268,ET8752680
875225,ET8752257
875224,ET8752249
875220,ET8752206
875219,ET8752192
875218,ET8752184
875217,ET8752176
875216,ET8752168
875210,ET8752109
875207,ET8752079
875196,ET875196K
875189,ET8751897
875188,ET8751889
875187,ET8751870
875185,ET8751854
875184,ET8751846
875182,ET875182K
875181,ET8751811
875180,ET8751803
875168,ET8751684
875206,ET8751684
875157,ET8751579
875156,ET8751560
875149,ET8751498
875148,ET875148K
875147,ET8751471
875141,ET8751412
875138,ET8751382
875137,ET8751374
875135,ET8751358
875133,ET8751331
875132,ET8751323
875131,ET8751315
875109,ET8751099
875108,ET8751080
875107,ET8751072
875105,ET8751056
875096,ET8750963
875095,ET8750955
875094,ET8750947
875093,ET8750939
875092,ET8750920
875091,ET8750912
875090,ET8750904
875085,ET8750858
875076,ET8750769
875075,ET8750750
875074,ET8750742
875039,ET8750394
875035,ET8750351
875034,ET8750343
875031,ET8750319
875028,ET8750289
875027,ET8750270
875010,ET8750106
875003,ET8750033
871476,ET8714762
871475,ET8714754
871474,ET8714746
871473,ET8714738
871472,ET871472K
871471,ET8714711
871470,ET8714703
871466,ET8714665
871465,ET8714657
871464,ET8714649
871463,ET8714630
871462,ET8714622
871461,ET8714614
871460,ET8714606
871459,ET8714592
871458,ET8714584
871456,ET8714568
871455,ET871455K
871454,ET8714541
871453,ET8714533
871452,ET8714525
871451,ET8714517
871450,ET8714509
871449,ET8714495
871448,ET8714487
871447,ET8714479
871446,ET8714460
871445,ET8714452
871444,ET8714444
871443,ET8714436
871442,ET8714428
871441,ET871441K
871440,ET8714401
871439,ET8714398
871438,ET871438K
871437,ET8714371
871436,ET8714363
871435,ET8714355
871434,ET8714347
871433,ET8714339
871432,ET8714320
871431,ET8714312
871430,ET8714304
871429,ET8714290
871428,ET8714282
871427,ET8714274
871426,ET8714266
871425,ET8714258
871424,ET871424K
871423,ET8714231
871422,ET8714223
871421,ET8714215
871420,ET8714207
871419,ET8714193
871418,ET8714185
871417,ET8714177
871416,ET8714169
871415,ET8714150
871413,ET8714134
871412,ET8714126
871411,ET8714118
871410,ET871410K
871409,ET8714096
871408,ET8714088
871407,ET871407K
871406,ET8714061
871405,ET8714053
871404,ET8714045
871403,ET8714037
871402,ET8714029
871401,ET8714010
871400,ET8714002
871399,ET8713995
871398,ET8713987
871397,ET8713979
871396,ET8713960
871395,ET8713952
871394,ET8713944
871393,ET8713936
871392,ET8713928
871391,ET871391K
871390,ET8713901
871389,ET8713898
871388,ET871388K
871387,ET8713871
871374,ET871374K
871372,ET8713723
871371,ET8713715
871369,ET8713693
871368,ET8713685
871367,ET8713677
871366,ET8713669
871365,ET8713650
871364,ET8713642
871363,ET8713634
871362,ET8713626
871361,ET8713618
871360,ET871360K
871359,ET8713596
871358,ET8713588
871357,ET871357K
871356,ET8713561
871354,ET8713545
871353,ET8713537
871352,ET8713529
871351,ET8713510
871350,ET8713502
871349,ET8713499
871348,ET8713480
871347,ET8713472
871346,ET8713464
871345,ET8713456
871344,ET8713448
871343,ET871343K
871342,ET8713421
871337,ET8713375
871336,ET8713367
871335,ET8713359
871330,ET8713308
871329,ET8713294
871328,ET8713286
871327,ET8713278
871326,ET871326K
871325,ET8713251
871324,ET8713243
871323,ET8713235
871322,ET8713227
871321,ET8713219
871320,ET8713200
871319,ET8713197
871318,ET8713189
871317,ET8713170
871316,ET8713162
871315,ET8713154
871314,ET8713146
871313,ET8713138
871312,ET871312K
871311,ET8713111
871310,ET8713103
871309,ET871309K
871308,ET8713081
871306,ET8713065
871305,ET8713057
871304,ET8713049
871303,ET8713030
871302,ET8713022
871301,ET8713014
871300,ET8713006
871299,ET8712999
871298,ET8712980
871297,ET8712972
871296,ET8712964
871295,ET8712956
871294,ET8712948
871293,ET871293K
871292,ET8712921
871291,ET8712913
871290,ET8712905
871289,ET8712891
871288,ET8712883
871287,ET8712875
871286,ET8712867
871285,ET8712859
871284,ET8712840
871283,ET8712832
871282,ET8712824
871281,ET8712816
871280,ET8712808
871279,ET8712794
871278,ET8712786
871277,ET8712778
871276,ET871276K
871275,ET8712751
871274,ET8712743
871273,ET8712735
871272,ET8712727
871271,ET8712719
871270,ET8712700
871269,ET8712697
871268,ET8712689
871267,ET8712670
871266,ET8712662
871265,ET8712654
871264,ET8712646
871263,ET8712638
871262,ET871262K
871260,ET8712603
871259,ET871259K
871258,ET8712581
871257,ET8712573
871256,ET8712565
871255,ET8712557
871254,ET8712549
871253,ET8712530
871252,ET8712522
871251,ET8712514
871249,ET8712492
871248,ET8712484
871247,ET8712476
871246,ET8712468
871245,ET871245K
871244,ET8712441
871243,ET8712433
871242,ET8712425
871241,ET8712417
871240,ET8712409
871239,ET8712395
871238,ET8712387
871237,ET8712379
871236,ET8712360
871235,ET8712352
871234,ET8712344
871233,ET8712336
871232,ET8712328
871231,ET871231K
871230,ET8712301
871229,ET8712298
871228,ET871228K
871227,ET8712271
871226,ET8712263
871225,ET8712255
871224,ET8712247
871223,ET8712239
871222,ET8712220
871221,ET8712212
871220,ET8712204
871219,ET8712190
871218,ET8712182
871217,ET8712174
871216,ET8712166
871215,ET8712158
871214,ET871214K
871213,ET8712131
871212,ET8712123
871211,ET8712115
871210,ET8712107
871209,ET8712093
871208,ET8712085
871207,ET8712077
871206,ET8712069
871205,ET8712050
871204,ET8712042
871203,ET8712034
871202,ET8712026
871201,ET8712018
871200,ET871200K
871199,ET8711992
871198,ET8711984
871197,ET8711976
871196,ET8711968
870314,ET871195K
870313,ET8711941
871193,ET8711933
871192,ET8711925
871191,ET8711917
871190,ET8711909
871189,ET8711895
871188,ET8711887
871187,ET8711879
871186,ET8711860
871185,ET8711852
871184,ET8711844
871183,ET8711836
871182,ET8711828
871181,ET871181K
871180,ET8711801
871179,ET8711798
871178,ET871178K
871177,ET8711771
871176,ET8711763
871175,ET8711755
871174,ET8711747
871173,ET8711739
871172,ET8711720
871171,ET8711712
871170,ET8711704
871169,ET8711690
871168,ET8711682
871167,ET8711674
871166,ET8711666
871165,ET8711658
871164,ET871164K
871163,ET8711631
871162,ET8711623
871161,ET8711615
871160,ET8711607
871159,ET8711593
871158,ET8711585
871157,ET8711577
871156,ET8711569
871155,ET8711550
871154,ET8711542
871153,ET8711534
871152,ET8711526
871151,ET8711518
871150,ET871150K
871149,ET8711496
871148,ET8711488
871147,ET871147K
871146,ET8711461
871145,ET8711453
871144,ET8711445
871143,ET8711437
871142,ET8711429
871141,ET8711410
871140,ET8711402
871139,ET8711399
871138,ET8711380
871137,ET8711372
871136,ET8711364
871135,ET8711356
871134,ET8711348
871133,ET871133K
871132,ET8711321
871131,ET8711313
871130,ET8711305
871129,ET8711291
871128,ET8711283
871127,ET8711275
871125,ET8711259
871124,ET8711240
871123,ET8711232
871122,ET8711224
871121,ET8711216
871120,ET8711208
871119,ET8711194
871118,ET8711186
871117,ET8711178
871116,ET871116K
871115,ET8711151
871114,ET8711143
871113,ET8711135
871112,ET8711127
871111,ET8711119
871110,ET8711100
871109,ET8711097
871108,ET8711089
871107,ET8711070
871106,ET8711062
871105,ET8711054
871104,ET8711046
871103,ET8711038
871102,ET871102K
871101,ET8711011
871100,ET8711003
871099,ET8710996
871098,ET8710988
871097,ET871097K
871096,ET8710961
871095,ET8710953
871094,ET8710945
871093,ET8710937
871092,ET8710929
871091,ET8710910
871090,ET8710902
871089,ET8710899
871088,ET8710880
871087,ET8710872
871085,ET8710856
871084,ET8710848
871083,ET871083K
871082,ET8710821
871081,ET8710813
871080,ET8710805
871079,ET8710791
871078,ET8710783
871077,ET8710775
871076,ET8710767
871075,ET8710759
871074,ET8710740
871073,ET8710732
871072,ET8710724
871071,ET8710716
871070,ET8710708
871069,ET8710694
871068,ET8710686
871067,ET8710678
871066,ET871066K
871065,ET8710651
871064,ET8710643
871063,ET8710635
871062,ET8710627
871061,ET8710619
871060,ET8710600
871059,ET8710597
871058,ET8710589
871057,ET8710570
871056,ET8710562
871055,ET8710554
871054,ET8710546
871053,ET8710538
871052,ET871052K
871051,ET8710511
871050,ET8710503
871049,ET871049K
871048,ET8710481
871047,ET8710473
871046,ET8710465
871045,ET8710457
871044,ET8710449
871043,ET8710430
871042,ET8710422
871041,ET8710414
871040,ET8710406
871039,ET8710392
871038,ET8710384
871037,ET8710376
871036,ET8710368
871026,ET8710260
871025,ET8710252
871024,ET8710244
871023,ET8710236
871022,ET8710228
871021,ET871021K
871020,ET8710201
871019,ET8710198
871018,ET871018K
871017,ET8710171
871016,ET8710163
871015,ET8710155
871014,ET8710147
871013,ET8710139
871012,ET8710120
871011,ET8710112
871010,ET8710104
871009,ET8710090
871008,ET8710082
871007,ET8710074
871006,ET8710066
871005,ET8710058
871004,ET871004K
871003,ET8710031
871002,ET8710023
871001,ET8710015
870999,ET8709998
870998,ET870998K
870997,ET8709971
870992,ET8709920
870991,ET8709912
870990,ET8709904
870989,ET8709890
870988,ET8709882
870987,ET8709874
870986,ET8709866
870985,ET8709858
870984,ET870984K
870983,ET8709831
870982,ET8709823
870981,ET8709815
870980,ET8709807
870979,ET8709793
870978,ET8709785
870977,ET8709777
870976,ET8709769
870975,ET8709750
870974,ET8709742
870973,ET8709734
870972,ET8709726
870971,ET8709718
870970,ET870970K
870969,ET8709696
870968,ET8709688
870967,ET870967K
870964,ET8709645
870963,ET8709637
870962,ET8709629
870961,ET8709610
870960,ET8709602
870959,ET8709599
870958,ET8709580
870957,ET8709572
870956,ET8709564
870955,ET8709556
870950,ET8709505
870949,ET8709491
870948,ET8709483
870947,ET8709475
870946,ET8709467
870945,ET8709459
870944,ET8709440
870943,ET8709432
870942,ET8709424
870941,ET8709416
870940,ET8709408
870939,ET8709394
870938,ET8709386
870937,ET8709378
870936,ET870936K
870935,ET8709351
870934,ET8709343
870933,ET8709335
870932,ET8709327
870931,ET8709319
870930,ET8709300
870929,ET8709297
870928,ET8709289
870927,ET8709270
870926,ET8709262
870925,ET8709254
870924,ET8709246
870923,ET8709238
870922,ET870922K
870921,ET8709211
870920,ET8709203
870919,ET870919K
870918,ET8709181
870917,ET8709173
870916,ET8709165
870915,ET8709157
870914,ET8709149
870913,ET8709130
870912,ET8709122
870911,ET8709114
870910,ET8709106
870909,ET8709092
870908,ET8709084
870907,ET8709076
870906,ET8709068
870905,ET870905K
870904,ET8709041
870903,ET8709033
870902,ET8709025
870901,ET8709017
870900,ET8709009
870899,ET8708991
870898,ET8708983
870897,ET8708975
870896,ET8708967
870895,ET8708959
870894,ET8708940
870893,ET8708932
870892,ET8708924
870891,ET8708916
870890,ET8708908
870889,ET8708894
870888,ET8708886
870887,ET8708878
870886,ET870886K
870885,ET8708851
870884,ET8708843
870883,ET8708835
870882,ET8708827
870881,ET8708819
870880,ET8708800
870878,ET8708789
870877,ET8708770
870876,ET8708762
870875,ET8708754
870874,ET8708746
870873,ET8708738
870872,ET870872K
870871,ET8708711
870870,ET8708703
870869,ET870869K
870868,ET8708681
870867,ET8708673
870866,ET8708665
870865,ET8708657
870864,ET8708649
870863,ET8708630
870862,ET8708622
870861,ET8708614
870860,ET8708606
870859,ET8708592
870858,ET8708584
870857,ET8708576
870856,ET8708568
870855,ET870855K
870854,ET8708541
870853,ET8708533
870852,ET8708525
870851,ET8708517
870850,ET8708509
870849,ET8708495
870848,ET8708487
870847,ET8708479
870846,ET8708460
870845,ET8708452
870844,ET8708444
870843,ET8708436
870842,ET8708428
870841,ET870841K
870840,ET8708401
870839,ET8708398
870838,ET870838K
870837,ET8708371
870836,ET8708363
870835,ET8708355
870834,ET8708347
870833,ET8708339
870832,ET8708320
870831,ET8708312
870830,ET8708304
870829,ET8708290
870828,ET8708282
870827,ET8708274
870826,ET8708266
870825,ET8708258
870824,ET870824K
870823,ET8708231
870822,ET8708223
870821,ET8708215
870820,ET8708207
870819,ET8708193
870816,ET8708169
870815,ET8708150
870814,ET8708142
870813,ET8708134
870812,ET8708126
870811,ET8708118
870810,ET870810K
870809,ET8708096
870808,ET8708088
870807,ET870807K
870806,ET8708061
870805,ET8708053
870804,ET8708045
870803,ET8708037
870802,ET8708029
870801,ET8708010
870800,ET8708002
870799,ET8707995
870798,ET8707987
870797,ET8707979
870796,ET8707960
870795,ET8707952
870794,ET8707944
870793,ET8707936
870792,ET8707928
870791,ET870791K
870790,ET8707901
870789,ET8707898
870788,ET870788K
870787,ET8707871
870786,ET8707863
870785,ET8707855
870784,ET8707847
870783,ET8707839
870782,ET8707820
870781,ET8707812
870780,ET8707804
870779,ET8707790
870778,ET8707782
870777,ET8707774
870776,ET8707766
870775,ET8707758
870774,ET870774K
870773,ET8707731
870772,ET8707723
870771,ET8707715
870770,ET8707707
870769,ET8707693
870768,ET8707685
870767,ET8707677
870766,ET8707669
870765,ET8707650
870764,ET8707642
870763,ET8707634
870762,ET8707626
870761,ET8707618
870760,ET870760K
870759,ET8707596
870758,ET8707588
870757,ET870757K
870756,ET8707561
870755,ET8707553
870754,ET8707545
870753,ET8707537
870752,ET8707529
870751,ET8707510
870750,ET8707502
870749,ET8707499
870748,ET8707480
870747,ET8707472
870746,ET8707464
870745,ET8707456
870744,ET8707448
870743,ET870743K
870742,ET8707421
870741,ET8707413
870740,ET8707405
870739,ET8707391
870738,ET8707383
870737,ET8707375
870736,ET8707367
870735,ET8707359
870734,ET8707340
870733,ET8707332
870732,ET8707324
870731,ET8707316
870730,ET8707308
870729,ET8707294
870728,ET8707286
870727,ET8707278
870726,ET870726K
870725,ET8707251
870724,ET8707243
870723,ET8707235
870722,ET8707227
870721,ET8707219
870720,ET8707200
870719,ET8707197
870718,ET8707189
870717,ET8707170
870716,ET8707162
870715,ET8707154
870714,ET8707146
870713,ET8707138
870712,ET870712K
870711,ET8707111
870710,ET8707103
870709,ET870709K
870708,ET8707081
870707,ET8707073
870706,ET8707065
870705,ET8707057
870704,ET8707049
870703,ET8707030
870702,ET8707022
870701,ET8707014
870700,ET8707006
870699,ET8706999
870698,ET8706980
870697,ET8706972
870695,ET8706956
870694,ET8706948
870693,ET870693K
870692,ET8706921
870691,ET8706913
870690,ET8706905
870689,ET8706891
870688,ET8706883
870687,ET8706875
870686,ET8706867
870685,ET8706859
870684,ET8706840
870683,ET8706832
870682,ET8706824
870681,ET8706816
870680,ET8706808
870679,ET8706794
870678,ET8706786
870677,ET8706778
870676,ET870676K
870675,ET8706751
870674,ET8706743
870673,ET8706735
870672,ET8706727
870671,ET8706719
870670,ET8706700
870669,ET8706697
870668,ET8706689
870667,ET8706670
870666,ET8706662
870665,ET8706654
870664,ET8706646
870663,ET8706638
870662,ET870662K
870661,ET8706611
870660,ET8706603
870659,ET870659K
870657,ET8706573
870656,ET8706565
870655,ET8706557
870654,ET8706549
870653,ET8706530
870652,ET8706522
870651,ET8706514
870650,ET8706506
870649,ET8706492
870648,ET8706484
870647,ET8706476
870646,ET8706468
870645,ET870645K
870644,ET8706441
870643,ET8706433
870642,ET8706425
870641,ET8706417
870640,ET8706409
870639,ET8706395
870638,ET8706387
870637,ET8706379
870635,ET8706352
870634,ET8706344
870633,ET8706336
870632,ET8706328
870631,ET870631K
870630,ET8706301
870629,ET8706298
870628,ET870628K
870627,ET8706271
870626,ET8706263
870625,ET8706255
870621,ET8706212
870615,ET8706158
870614,ET870614K
870594,ET8705941
870585,ET8705852
870583,ET8705836
870582,ET8705828
870581,ET870581K
870550,ET870550K
870549,ET8705496
870548,ET8705488
870547,ET870547K
870546,ET8705461
870545,ET8705453
870544,ET8705445
870543,ET8705437
870541,ET8705410
870540,ET8705402
870539,ET8705399
870538,ET8705380
870537,ET8705372
870536,ET8705364
870535,ET8705356
870534,ET8705348
870533,ET870533K
870532,ET8705321
870531,ET8705313
870530,ET8705305
870529,ET8705291
870528,ET8705283
870527,ET8705275
870526,ET8705267
870525,ET8705259
870524,ET8705240
870523,ET8705232
870522,ET8705224
870521,ET8705216
870520,ET8705208
870519,ET8705194
870518,ET8705186
870517,ET8705178
870516,ET870516K
870515,ET8705151
870512,ET8705127
870510,ET8705100
870508,ET8705089
870506,ET8705062
870505,ET8705054
870504,ET8705046
870503,ET8705038
870502,ET870502K
870501,ET8705011
870500,ET8705003
870499,ET8704996
870498,ET8704988
870497,ET870497K
870496,ET8704961
870495,ET8704953
870494,ET8704945
870493,ET8704937
870492,ET8704929
870491,ET8704910
870490,ET8704902
870489,ET8704899
870488,ET8704880
870487,ET8704872
870486,ET8704864
870485,ET8704856
870484,ET8704848
870483,ET870483K
870482,ET8704821
870481,ET8704813
870480,ET8704805
870479,ET8704791
870478,ET8704783
870477,ET8704775
870476,ET8704767
870475,ET8704759
870474,ET8704740
870473,ET8704732
870472,ET8704724
870471,ET8704716
870470,ET8704708
870469,ET8704694
870468,ET8704686
870467,ET8704678
870466,ET870466K
870465,ET8704651
870464,ET8704643
870463,ET8704635
870462,ET8704627
870457,ET8704570
870456,ET8704562
870455,ET8704554
870454,ET8704546
870453,ET8704538
870452,ET870452K
870451,ET8704511
870450,ET8704503
870449,ET870449K
870448,ET8704481
870447,ET8704473
870446,ET8704465
870445,ET8704457
870444,ET8704449
870442,ET8704422
870441,ET8704414
870440,ET8704406
870439,ET8704392
870438,ET8704384
870437,ET8704376
870436,ET8704368
870435,ET870435K
870434,ET8704341
870433,ET8704333
870432,ET8704325
870431,ET8704317
870430,ET8704309
870429,ET8704295
870428,ET8704287
870427,ET8704279
870426,ET8704260
870425,ET8704252
870424,ET8704244
870423,ET8704236
870422,ET8704228
870421,ET870421K
870420,ET8704201
870419,ET8704198
870418,ET870418K
870417,ET8704171
870416,ET8704163
870415,ET8704155
870414,ET8704147
870413,ET8704139
870412,ET8704120
870411,ET8704112
870410,ET8704104
870409,ET8704090
870408,ET8704082
870407,ET8704074
870406,ET8704066
870405,ET8704058
870404,ET870404K
870403,ET8704031
870402,ET8704023
870401,ET8704015
870400,ET8704007
870391,ET8703914
870390,ET8703906
870389,ET8703892
870388,ET8703884
870387,ET8703876
870386,ET8703868
870385,ET870385K
870384,ET8703841
870383,ET8703833
870382,ET8703825
870381,ET8703817
870380,ET8703809
870379,ET8703795
870378,ET8703787
870377,ET8703779
870376,ET8703760
870375,ET8703752
870374,ET8703744
870373,ET8703736
870372,ET8703728
870371,ET870371K
870370,ET8703701
870369,ET8703698
870368,ET870368K
870367,ET8703671
870366,ET8703663
870365,ET8703655
870364,ET8703647
870363,ET8703639
870362,ET8703620
870361,ET8703612
870360,ET8703604
870359,ET8703590
870357,ET8703574
870356,ET8703566
870355,ET8703558
870354,ET870354K
870353,ET8703531
870352,ET8703523
870351,ET8703515
870350,ET8703507
870349,ET8703493
870348,ET8703485
870347,ET8703477
870346,ET8703469
870345,ET8703450
870344,ET8703442
870343,ET8703434
870342,ET8703426
870341,ET8703418
870340,ET870340K
870339,ET8703396
870338,ET8703388
870337,ET870337K
870336,ET8703361
870335,ET8703353
870334,ET8703345
870333,ET8703337
870332,ET8703329
870331,ET8703310
870330,ET8703302
870329,ET8703299
870328,ET8703280
870327,ET8703272
870326,ET8703264
870325,ET8703256
870324,ET8703248
870323,ET870323K
870322,ET8703221
870321,ET8703213
870320,ET8703205
870319,ET8703191
870318,ET8703183
870317,ET8703175
875512,ET8703132
870312,ET8703124
870311,ET8703116
870310,ET8703108
870309,ET8703094
870308,ET8703086
870307,ET8703078
870306,ET870306K
870305,ET8703051
870304,ET8703043
870303,ET8703035
870302,ET8703027
870301,ET8703019
870300,ET8703000
870299,ET8702993
870298,ET8702985
870297,ET8702977
870296,ET8702969
870295,ET8702950
870294,ET8702942
870293,ET8702934
870291,ET8702918
870288,ET8702888
870287,ET870287K
870286,ET8702861
870285,ET8702853
870281,ET8702810
870280,ET8702802
870278,ET8702780
870277,ET8702772
870276,ET8702764
870275,ET8702756
870274,ET8702748
870273,ET870273K
870272,ET8702721
870271,ET8702713
870270,ET8702705
870269,ET8702691
870266,ET8702667
870265,ET8702659
870263,ET8702632
870262,ET8702624
870261,ET8702616
870260,ET8702608
870259,ET8702594
870258,ET8702586
870257,ET8702578
870256,ET870256K
870255,ET8702551
870254,ET8702543
870253,ET8702535
870252,ET8702527
870251,ET8702519
870250,ET8702500
870249,ET8702497
870248,ET8702489
870247,ET8702470
870246,ET8702462
870245,ET8702454
870244,ET8702446
870243,ET8702438
870242,ET870242K
870241,ET8702411
870240,ET8702403
870239,ET870239K
870238,ET8702381
870237,ET8702373
870236,ET8702365
870235,ET8702357
870233,ET8702330
870232,ET8702322
870231,ET8702314
870229,ET8702292
870228,ET8702284
870227,ET8702276
870226,ET8702268
870225,ET870225K
870224,ET8702241
870223,ET8702233
870222,ET8702225
870221,ET8702217
870220,ET8702209
870219,ET8702195
870218,ET8702187
870217,ET8702179
870216,ET8702160
870215,ET8702152
870214,ET8702144
870213,ET8702136
870212,ET8702128
870211,ET870211K
870210,ET8702101
870209,ET8702098
870208,ET870208K
870207,ET8702071
870206,ET8702063
870205,ET8702055
870204,ET8702047
870203,ET8702039
870202,ET8702020
870201,ET8702012
870200,ET8702004
870199,ET8701997
870198,ET8701989
870197,ET8701970
870196,ET8701962
870195,ET8701954
870194,ET8701946
870193,ET8701938
870192,ET870192K
870191,ET8701911
870190,ET8701903
870189,ET870189K
870188,ET8701881
870187,ET8701873
870186,ET8701865
870185,ET8701857
870184,ET8701849
870183,ET8701830
870182,ET8701822
870181,ET8701814
870180,ET8701806
870179,ET8701792
870178,ET8701784
870177,ET8701776
870176,ET8701768
870175,ET870175K
870174,ET8701741
870173,ET8701733
870172,ET8701725
870171,ET8701717
870170,ET8701709
870169,ET8701695
870168,ET8701687
870167,ET8701679
870165,ET8701652
870164,ET8701644
870163,ET8701636
870162,ET8701628
870161,ET870161K
870160,ET8701601
870159,ET8701598
870158,ET870158K
870157,ET8701571
870156,ET8701563
870155,ET8701555
870154,ET8701547
870153,ET8701539
870152,ET8701520
870151,ET8701512
870150,ET8701504
870149,ET8701490
870148,ET8701482
870147,ET8701474
870146,ET8701466
870145,ET8701458
870144,ET870144K
870143,ET8701431
870142,ET8701423
870141,ET8701415
870140,ET8701407
870139,ET8701393
870138,ET8701385
870137,ET8701377
870136,ET8701369
870135,ET8701350
870134,ET8701342
870133,ET8701334
870132,ET8701326
870131,ET8701318
870130,ET870130K
870129,ET8701296
870128,ET8701288
870127,ET870127K
870126,ET8701261
870125,ET8701253
870124,ET8701245
870123,ET8701237
870122,ET8701229
870121,ET8701210
870120,ET8701202
870119,ET8701199
870118,ET8701180
870117,ET8701172
870116,ET8701164
870115,ET8701156
870114,ET8701148
870113,ET870113K
870112,ET8701121
870111,ET8701113
870110,ET8701105
870109,ET8701091
870108,ET8701083
870107,ET8701075
870106,ET8701067
870105,ET8701059
870104,ET8701040
870103,ET8701032
870102,ET8701024
870101,ET8701016
870099,ET8700990
870098,ET8700982
870096,ET8700966
870095,ET8700958
870094,ET870094K
870091,ET8700915
870090,ET8700907
870089,ET8700893
870088,ET8700885
870087,ET8700877
870086,ET8700869
870085,ET8700850
870084,ET8700842
870083,ET8700834
870082,ET8700826
870081,ET8700818
870080,ET870080K
870079,ET8700796
870078,ET8700788
870077,ET870077K
870076,ET8700761
870075,ET8700753
870074,ET8700745
870073,ET8700737
870072,ET8700729
870071,ET8700710
870070,ET8700702
870069,ET8700699
870068,ET8700680
870067,ET8700672
870066,ET8700664
870065,ET8700656
870064,ET8700648
870063,ET870063K
870062,ET8700621
870061,ET8700613
870060,ET8700605
870059,ET8700591
870058,ET8700583
870057,ET8700575
870056,ET8700567
870055,ET8700559
870054,ET8700540
870053,ET8700532
870052,ET8700524
870051,ET8700516
870050,ET8700508
870049,ET8700494
870048,ET8700486
870047,ET8700478
870046,ET870046K
870045,ET8700451
870044,ET8700443
870043,ET8700435
870042,ET8700427
870041,ET8700419
870040,ET8700400
870039,ET8700397
870038,ET8700389
870037,ET8700370
870036,ET8700362
870035,ET8700354
870034,ET8700346
870033,ET8700338
870032,ET870032K
870031,ET8700311
870030,ET8700303
870029,ET870029K
870028,ET8700281
870027,ET8700273
870025,ET8700257
870024,ET8700249
870023,ET8700230
870022,ET8700222
870021,ET8700214
870020,ET8700206
870019,ET8700192
870018,ET8700184
870017,ET8700176
870015,ET870015K
870012,ET8700125
870011,ET8700117
870010,ET8700109
870009,ET8700095
870008,ET8700087
870007,ET8700079
870006,ET8700060
870005,ET8700052
870004,ET8700044
870003,ET8700036
870002,ET8700028
870001,ET870001K
859,ET8591
856,ET8567
837,ET8370
833,ET8338
829,ET829K
826,ET8265
817,ET8176
816,ET8168
810,ET8109
799,ET7994
688,ET6882
4999,ET49999
4998,ET49980
4997,ET49972
4989,ET49891
4988,ET49883
4987,ET49875
4986,ET49867
4985,ET49859
4981,ET49816
4977,ET49778
4976,ET4976K
4975,ET49751
4925,ET49255
4923,ET49239
4922,ET49220
4919,ET49190
4918,ET49182
4900,ET4900K
4878,ET4878K
4849,ET48496
4797,ET4797K
4794,ET47945
4793,ET47937
4792,ET47929
4790,ET47902
4789,ET47899
4786,ET47864
4785,ET47856
4784,ET47848
4770,ET47708
4769,ET47694
4768,ET47686
4767,ET47678
4766,ET4766K
4765,ET47651
4764,ET47643
4762,ET47627
4758,ET47589
4757,ET47570
4756,ET47562
4754,ET47546
4753,ET47538
4752,ET4752K
4751,ET47511
4750,ET47503
4738,ET47384
4737,ET47376
4719,ET47198
4715,ET47155
4714,ET47147
4709,ET47090
4708,ET47082
4706,ET47066
4704,ET4704K
4702,ET47023
4701,ET47015
4700,ET47007
305757,ET3057577
305754,ET3057542
305752,ET3057526
305751,ET3057518
305750,ET305750K
305718,ET3057186
305135,ET3051358
305134,ET305134K
305133,ET3051331
264874,ET2648741
264872,ET2648725
264870,ET2648709
264853,ET2648539
264852,ET2648520
264851,ET2648512
264832,ET2648326
264829,ET2648296
264826,ET2648261
264825,ET2648253
264824,ET2648245
264823,ET2648237
264821,ET2648210
258601,ET2586010
21159,ET211591
21004,ET210048
20964,ET209643
20954,ET209546
20938,ET209384
20928,ET209287
20918,ET20918K
20904,ET20904K
1999,ET19992
1998,ET19984
1995,ET1995K
1991,ET19917
1989,ET19895
1980,ET19801
1972,ET19720
1969,ET19690
1968,ET19682
1962,ET19620
1907,ET19070
1902,ET1902K
1901,ET19011
1900,ET19003
1887,ET18872
1884,ET18848
1882,ET18821
1881,ET18813
1869,ET18694
1868,ET18686
1865,ET18651
1864,ET18643
1858,ET18589
1850,ET18503
1848,ET18481
1840,ET18406
1839,ET18392
1830,ET18309
1824,ET18244
1823,ET18236
1822,ET18228
1800,ET18007
1796,ET17965
1795,ET17957
1791,ET17914
1788,ET17884
1786,ET17868
1785,ET1785K
1784,ET17841
1783,ET17833
1782,ET17825
1781,ET17817
1776,ET17760
1765,ET17655
1762,ET17620
1761,ET17612
1760,ET17604
1756,ET17566
1755,ET17558
1746,ET17469
1745,ET17450
1744,ET17442
1743,ET17434
1741,ET17418
1729,ET17299
1728,ET17280
1727,ET17272
1723,ET1723K
1721,ET17213
1719,ET17191
1718,ET17183
1717,ET17175
1716,ET17167
1715,ET17159
1714,ET17140
1712,ET17124
1710,ET17108
1698,ET16985
1697,ET16977
1696,ET16969
1695,ET16950
1689,ET16896
1678,ET16780
1677,ET16772
1675,ET16756
1674,ET16748
1671,ET16713
1670,ET16705
1668,ET16683
1667,ET16675
1665,ET16659
1664,ET16640
1663,ET16632
1661,ET16616
1660,ET16608
1659,ET16594
1658,ET16586
1657,ET16578
1654,ET16543
1653,ET16535
1650,ET16500
1649,ET16497
1648,ET16489
1647,ET16470
1646,ET16462
1645,ET16454
1644,ET16446
1623,ET16233
1622,ET16225
1621,ET16217
1618,ET16187
1616,ET16160
1615,ET16152
1613,ET16136
1612,ET16128
1611,ET1611K
1605,ET16055
1604,ET16047
1603,ET16039
1602,ET16020
1601,ET16012
1600,ET16004
1597,ET15970
1596,ET15962
1595,ET15954
1594,ET15946
1593,ET15938
1591,ET15911
1590,ET15903
1589,ET1589K
1588,ET15881
1587,ET15873
1585,ET15857
1583,ET15830
1582,ET15822
1581,ET15814
1549,ET15490
1547,ET15474
1533,ET15334
1532,ET15326
1531,ET15318
1530,ET1530K
1528,ET15288
1523,ET15237
1522,ET15229
1521,ET15210
1518,ET15180
1514,ET15148
1513,ET1513K
1511,ET15113
1510,ET15105
1509,ET15091
1508,ET15083
1507,ET15075
1505,ET15059
1503,ET15032
1502,ET15024
1500,ET15008
1480,ET1480K
1478,ET14788
1477,ET1477K
1476,ET14761
1475,ET14753
1474,ET14745
1473,ET14737
1465,ET14656
1464,ET14648
1463,ET1463K
1462,ET14621
1460,ET14605
1456,ET14567
1455,ET14559
1454,ET14540
1453,ET14532
1451,ET14516
1448,ET14486
1446,ET1446K
1438,ET14389
1436,ET14362
1431,ET14311
1419,ET14192
1418,ET14184
1417,ET14176
1416,ET14168
1415,ET1415K
1414,ET14141
1413,ET14133
1412,ET14125
1406,ET14060
1398,ET13986
1394,ET13943
1393,ET13935
1392,ET13927
1391,ET13919
1390,ET13900
1383,ET13838
1382,ET1382K
1381,ET13811
1378,ET13781
1376,ET13765
1375,ET13757
1373,ET13730
1372,ET13722
1371,ET13714
1367,ET13676
1365,ET1365K
1360,ET13609
1358,ET13587
1356,ET13560
1355,ET13552
1353,ET13536
1351,ET1351K
1347,ET13471
1345,ET13455
1340,ET13404
1331,ET13315
1327,ET13277
1325,ET13250
1322,ET13226
1321,ET13218
1307,ET13072
1305,ET13056
1297,ET12971
1291,ET12912
1288,ET12882
1284,ET1284K
1283,ET12831
1282,ET12823
1280,ET12807
1279,ET12793
1277,ET12777
1276,ET12769
1267,ET1267K
1260,ET12602
1259,ET12599
1258,ET12580
1256,ET12564
1255,ET12556
1254,ET12548
1250,ET12505
1249,ET12491
1247,ET12475
1246,ET12467
1239,ET12394
1237,ET12378
1236,ET1236K
1233,ET12335
1232,ET12327
1231,ET12319
1229,ET12297
1217,ET12173
1202,ET12025
1194,ET11940
1188,ET11886
1184,ET11843
1175,ET11754
1170,ET11703
1169,ET1169K
1165,ET11657
1160,ET11606
1152,ET11525
1145,ET11452
1130,ET11304
1128,ET11282
1126,ET11266
1125,ET11258
1124,ET1124K
1123,ET11231
1120,ET11207
1108,ET11088
1106,ET11061
1096,ET10960
1092,ET10928
1091,ET1091K
1090,ET10901
1084,ET10847
1083,ET10839
1082,ET10820
1079,ET10790
1078,ET10782
1068,ET10685
1067,ET10677
1062,ET10626
1059,ET10596
1057,ET1057K
1051,ET10510
1049,ET10499
1048,ET10480
1047,ET10472
1043,ET1043K
1041,ET10413
1040,ET10405
1038,ET10383
1037,ET10375
1036,ET10367
1035,ET10359
1034,ET10340
1018,ET10189
1016,ET10162
1014,ET10146
1011,ET10111
1007,ET10073
1005,ET10057
41,ENVG41
149,ENVG149
140,ENVG148
34,ENVG147
115,ENVG117
116,ENVG117
117,ENVG117
111,ENVG111
102,ENVG102
94,ENVG094
93,ENVG093
76,ENVG076
38,ENVG070
70,ENVG070
67,ENVG067
54,ENVG054
53,ENVG053
47,ENVG047
36,ENVG036
35,ENVG035
32,ENVG032
39,ENVG031
30,ENVG030
126,ENVG030
21,ENVG021
10,ENVG017
112,ENVG017
119,ENVG017
120,ENVG017
122,ENVG017
123,ENVG017
124,ENVG017
125,ENVG017
999122,ENVG017
7,ENVG016
9,ENVG016
11,ENVG016
23,ENVG016
25,ENVG016
63,ENVG016
98,ENVG016
127,ENVG016
15,ENVG015
16,ENVG015
14,ENVG014
13,ENVG013
113,ENVG013
121,ENVG013
95,ENVG009
5,ENVG005
91,ENVG005
61,ENV2201-20
147,ENV2201-20
101,ENV214-12
3,ENV149-12
9787,EM9787
9786,EM9786
9785,EM9785
9781,EM9781
9780,EM9780
15389,EM15389
15388,EM15388
14923,EM14923
14843,EM14843
14842,EM14842
14841,EM14841
14840,EM14840
12778,EM12778
12729,EM12729
12728,EM12728
12727,EM12727
59797,E59797
59565,E59565
59557,E59557
59549,E59549
59504,E59504
59503,E59503
59456,E59456
58920,E58920
58776,E58776
58703,E58703
58702,E58702
58701,E58701
58700,E58700
58587,E58587
58586,E58586
58474,E58474
58358,E58358
58092,E58092
58090,E58090
58089,E58089
56700,E58081NOUSAR
58081,E58081
57957,E57957
57935,E57935
57811,E57811
57804,E57804
57284,E57284
57237,E57237
57236,E57236
57216,E57216
57064,E57064NOUSAR
5706,E57064
56885,E56885
56742,E56742
56705,E56705
56696,E56696
56695,E56695
221,E56621
56621,E56621
220,E56620
56620,E56620
56582,E56582
54608,E54608
87501,999984
87502,999984
87503,999984
87504,999984
87505,999984
87507,999984
87508,999984
87509,999984
87510,999984
87511,999984
87512,999984
999874,999874
999873,999873
999872,999872
999871,999871
999869,999869
999868,999868
999867,999867
999866,999866
9790,999790
9788,999788
999763,999763
999761,999761
999760,999760
999722,999722
999720,999720
999719,999719
999718,999718
999716,999716
999701,999701
999482,999482
999481,999481
999480,999480
999479,999479
999452,999452
999332,999332
999331,999331
999330,999330
999329,999329
999328,999328
999327,999327
999326,999326
999325,999325
999324,999324
999323,999323
999322,999322
999321,999321
999320,999320
999319,999319
999318,999318
999317,999317
999316,999316
999315,999315
999314,999314
999313,999313
999312,999312
999311,999311
999310,999310
999303,999303
999302,999302
999301,999301
998942,998942
998932,998932
998924,998924
998915,998915
998911,998911
998905,998905
87500,998904
998904,998904
998901,998901
12780,992780
991060,991060
991059,991059
990539,990539
990537,990537
990536,990536
990527,990527
990521,990521
990520,990520
990517,990517
990509,990509
990506,990506
990504,990504
990503,990503
990502,990502
990501,990501
9791,9791
9789,9789
899901,899901
899818,899818
899817,899817
899816,899816
899815,899815
899814,899814
899813,899813
899812,899812
899808,899808
899801,899801
899712,899712
899709,899709
899707,899707
899706,899706
899705,899705
899704,899704
899703,899703
899702,899702
899701,899701
899606,899606
899523,899523
899522,899522
899520,899520
899519,899519
899516,899516
899505,899505
899504,899504
899416,899416
899415,899415
899409,899409
899321,899321
899318,899318
899317,899317
899316,899316
899315,899315
899314,899314
899313,899313
899310,899310
899303,899303
899202,899202
899118,899118
899117,899117
899112,899112
899111,899111
899110,899110
899108,899108
899107,899107
899102,899102
899101,899101
899061,899061
899052,899052
899051,899051
899010,899010
899009,899009
899008,899008
899007,899007
899006,899006
899005,899005
899003,899003
899002,899002
899001,899001
899000,899000
877398,877398
877397,877397
877396,877396
877395,877395
877394,877394
877393,877393
877392,877392
877391,877391
877390,877390
877389,877389
877388,877388
877387,877387
877386,877386
877385,877385
877384,877384
877383,877383
877382,877382
877381,877381
877380,877380
877379,877379
877378,877378
877377,877377
877376,877376
877375,877375
877374,877374
877289,877289
877288,877288
877287,877287
877286,877286
877285,877285
877284,877284
877283,877283
877282,877282
877281,877281
877280,877280
877279,877279
877278,877278
877277,877277
877276,877276
877275,877275
877274,877274
877273,877273
877272,877272
877271,877271
877270,877270
877269,877269
877268,877268
877267,877267
877266,877266
877265,877265
877264,877264
877263,877263
877262,877262
877261,877261
877260,877260
877259,877259
877258,877258
877257,877257
877256,877256
877255,877255
877254,877254
877253,877253
877252,877252
877251,877251
877250,877250
877249,877249
877248,877248
877247,877247
877246,877246
877245,877245
877243,877243
877242,877242
877241,877241
877240,877240
877239,877239
877238,877238
877237,877237
877236,877236
877235,877235
877234,877234
877233,877233
877232,877232
877231,877231
877230,877230
877229,877229
877228,877228
877227,877227
877226,877226
877225,877225
877224,877224
877223,877223
877222,877222
877221,877221
877220,877220
877219,877219
877218,877218
877217,877217
877216,877216
877215,877215
877214,877214
877213,877213
877212,877212
877211,877211
877210,877210
877209,877209
877208,877208
877207,877207
877206,877206
877205,877205
877204,877204
877203,877203
877202,877202
877201,877201
877200,877200
877199,877199
877198,877198
877197,877197
877196,877196
877195,877195
877194,877194
877193,877193
877192,877192
877191,877191
877190,877190
877189,877189
877188,877188
877187,877187
877186,877186
877185,877185
877184,877184
877183,877183
877182,877182
877181,877181
877180,877180
877179,877179
877178,877178
877177,877177
877176,877176
877175,877175
877174,877174
877173,877173
877172,877172
877171,877171
877170,877170
877169,877169
877168,877168
877167,877167
877166,877166
877165,877165
877164,877164
877163,877163
877162,877162
877161,877161
877160,877160
877159,877159
877158,877158
877157,877157
877156,877156
877155,877155
877154,877154
877153,877153
877152,877152
877151,877151
877150,877150
877149,877149
877148,877148
877147,877147
877146,877146
877145,877145
877144,877144
877143,877143
877142,877142
877141,877141
877140,877140
877139,877139
877138,877138
877137,877137
877136,877136
877135,877135
877134,877134
877133,877133
877132,877132
877131,877131
877130,877130
877129,877129
877128,877128
877127,877127
877126,877126
877125,877125
877124,877124
877123,877123
877122,877122
877121,877121
877120,877120
877119,877119
877118,877118
877117,877117
877116,877116
877115,877115
877114,877114
877113,877113
877112,877112
877111,877111
877110,877110
877109,877109
877108,877108
877107,877107
877106,877106
877105,877105
877104,877104
877103,877103
877102,877102
877101,877101
877100,877100
877099,877099
877098,877098
877097,877097
877096,877096
877095,877095
877094,877094
877093,877093
877092,877092
877091,877091
877090,877090
877089,877089
877088,877088
877087,877087
877086,877086
877085,877085
877084,877084
877083,877083
877082,877082
877081,877081
877080,877080
877079,877079
877078,877078
877077,877077
877076,877076
877075,877075
877074,877074
877073,877073
877072,877072
877071,877071
877070,877070
877069,877069
877068,877068
877067,877067
877066,877066
877065,877065
877064,877064
877063,877063
877062,877062
877061,877061
877060,877060
877059,877059
877058,877058
877057,877057
877056,877056
877055,877055
877054,877054
877053,877053
877052,877052
877051,877051
877050,877050
877049,877049
877048,877048
877047,877047
877046,877046
877045,877045
877044,877044
877043,877043
877042,877042
877041,877041
877040,877040
877039,877039
877038,877038
877037,877037
877036,877036
877035,877035
877034,877034
877033,877033
877032,877032
877031,877031
877030,877030
877029,877029
877028,877028
877027,877027
877026,877026
877025,877025
877024,877024
877023,877023
877022,877022
877021,877021
877020,877020
877019,877019
877018,877018
877017,877017
877016,877016
877015,877015
877014,877014
877013,877013
877012,877012
877011,877011
877010,877010
877009,877009
877008,877008
877007,877007
877006,877006
877005,877005
877004,877004
877003,877003
877002,877002
877001,877001
877000,877000
876999,876999
876998,876998
876997,876997
876996,876996
876995,876995
876994,876994
876993,876993
876992,876992
876991,876991
876990,876990
876989,876989
876988,876988
876987,876987
876986,876986
876985,876985
876984,876984
876983,876983
876982,876982
876981,876981
876980,876980
876979,876979
876978,876978
876977,876977
876976,876976
876975,876975
876974,876974
876973,876973
876972,876972
876971,876971
876970,876970
876969,876969
876968,876968
876967,876967
876965,876965
876964,876964
876963,876963
876962,876962
876961,876961
876960,876960
876959,876959
876958,876958
876957,876957
876956,876956
876955,876955
876954,876954
876953,876953
876952,876952
876951,876951
876950,876950
876949,876949
876948,876948
876947,876947
876946,876946
876945,876945
876944,876944
876943,876943
876942,876942
876941,876941
876940,876940
876939,876939
876938,876938
876937,876937
876936,876936
876935,876935
876934,876934
876933,876933
876932,876932
876931,876931
876930,876930
876929,876929
876928,876928
876927,876927
876926,876926
876925,876925
876924,876924
876923,876923
876922,876922
876921,876921
876920,876920
876919,876919
876918,876918
876917,876917
876916,876916
876915,876915
876086,876086
876085,876085
876084,876084
876083,876083
876082,876082
876081,876081
876080,876080
876079,876079
876078,876078
876077,876077
876076,876076
876075,876075
876074,876074
876073,876073
876072,876072
876071,876071
876070,876070
876069,876069
876068,876068
876067,876067
876066,876066
876065,876065
876064,876064
876063,876063
876062,876062
876061,876061
876060,876060
876059,876059
876058,876058
876057,876057
876056,876056
876055,876055
876054,876054
876053,876053
876052,876052
876051,876051
876050,876050
876049,876049
876048,876048
876047,876047
876046,876046
876045,876045
876044,876044
876043,876043
876042,876042
876041,876041
876040,876040
876039,876039
876038,876038
876037,876037
876036,876036
876035,876035
876034,876034
876033,876033
876032,876032
876031,876031
876030,876030
876029,876029
876028,876028
876027,876027
876026,876026
876025,876025
876024,876024
876023,876023
876022,876022
876021,876021
876020,876020
876019,876019
876018,876018
876017,876017
876016,876016
876015,876015
876014,876014
876013,876013
876012,876012
876011,876011
876010,876010
876009,876009
876008,876008
876007,876007
876006,876006
876005,876005
876004,876004
876003,876003
876002,876002
876001,876001
876000,876000
875999,875999
875998,875998
875997,875997
875996,875996
875995,875995
875994,875994
875993,875993
875992,875992
875991,875991
875990,875990
875989,875989
875988,875988
875987,875987
875986,875986
875985,875985
875984,875984
875983,875983
875982,875982
875981,875981
875980,875980
875979,875979
875978,875978
875977,875977
875976,875976
875975,875975
875974,875974
875973,875973
875972,875972
875971,875971
875970,875970
875969,875969
875968,875968
875967,875967
875966,875966
875965,875965
875964,875964
875963,875963
875962,875962
875961,875961
875960,875960
875959,875959
875958,875958
875957,875957
875956,875956
875955,875955
875954,875954
875953,875953
875952,875952
875951,875951
875950,875950
875949,875949
875948,875948
875947,875947
875946,875946
875945,875945
875944,875944
875943,875943
875942,875942
875941,875941
875940,875940
875939,875939
875938,875938
875937,875937
875936,875936
875935,875935
875934,875934
875933,875933
875932,875932
875931,875931
875930,875930
875929,875929
875928,875928
875927,875927
875926,875926
875925,875925
875924,875924
875923,875923
875922,875922
875921,875921
875920,875920
875919,875919
875918,875918
875917,875917
875916,875916
875915,875915
875914,875914
875913,875913
875912,875912
875911,875911
875910,875910
875909,875909
875908,875908
875907,875907
875906,875906
875905,875905
875904,875904
875903,875903
875902,875902
875901,875901
875900,875900
875899,875899
875898,875898
875897,875897
875896,875896
875895,875895
875894,875894
875893,875893
875892,875892
875891,875891
875890,875890
875879,875879
875878,875878
875877,875877
875876,875876
875875,875875
875874,875874
875873,875873
875872,875872
875871,875871
875870,875870
875869,875869
875868,875868
875867,875867
875866,875866
875865,875865
875864,875864
875863,875863
875862,875862
875861,875861
875860,875860
875859,875859
875858,875858
875857,875857
875856,875856
875855,875855
875854,875854
875853,875853
875852,875852
875851,875851
875850,875850
875849,875849
875848,875848
875847,875847
875846,875846
875844,875844
875843,875843
875842,875842
875841,875841
875840,875840
875839,875839
875838,875838
875837,875837
875836,875836
875835,875835
875834,875834
875833,875833
875832,875832
875831,875831
875830,875830
875829,875829
875828,875828
875827,875827
875826,875826
875825,875825
875824,875824
875823,875823
875822,875822
875821,875821
875820,875820
875819,875819
875818,875818
875817,875817
875816,875816
875815,875815
875814,875814
875813,875813
875812,875812
875811,875811
875810,875810
875809,875809
875808,875808
875807,875807
875806,875806
875805,875805
875804,875804
875803,875803
875802,875802
875801,875801
875800,875800
875799,875799
875798,875798
875797,875797
875796,875796
875795,875795
875794,875794
875793,875793
875792,875792
875791,875791
875790,875790
875789,875789
875788,875788
875787,875787
875786,875786
875785,875785
875784,875784
875783,875783
875782,875782
875781,875781
875780,875780
875779,875779
875778,875778
875777,875777
875776,875776
875775,875775
875774,875774
875773,875773
875772,875772
875771,875771
875770,875770
875769,875769
875768,875768
875767,875767
875766,875766
875765,875765
875764,875764
875763,875763
875762,875762
875761,875761
875760,875760
875759,875759
875758,875758
875757,875757
875756,875756
875755,875755
875754,875754
875753,875753
875752,875752
875751,875751
875750,875750
875735,875735
875729,875729
875728,875728
875727,875727
875726,875726
875725,875725
875724,875724
875723,875723
875722,875722
875721,875721
875720,875720
875719,875719
875718,875718
875717,875717
875716,875716
875715,875715
875714,875714
875713,875713
875712,875712
875711,875711
875710,875710
875709,875709
875708,875708
875707,875707
875706,875706
875705,875705
875704,875704
875703,875703
875702,875702
875701,875701
875700,875700
875699,875699
875698,875698
875697,875697
875696,875696
875695,875695
875694,875694
875693,875693
875692,875692
875691,875691
875690,875690
875689,875689
875688,875688
875687,875687
875686,875686
875685,875685
875684,875684
875683,875683
875682,875682
875681,875681
875680,875680
875679,875679
875678,875678
875677,875677
875676,875676
875675,875675
875674,875674
875673,875673
875672,875672
875671,875671
875670,875670
875669,875669
875668,875668
875667,875667
875666,875666
875665,875665
875664,875664
875663,875663
875662,875662
875661,875661
875660,875660
875659,875659
875658,875658
875657,875657
875656,875656
875655,875655
875654,875654
875653,875653
875652,875652
875651,875651
875650,875650
875649,875649
875648,875648
875647,875647
875646,875646
875645,875645
875644,875644
875643,875643
875642,875642
875641,875641
875640,875640
875639,875639
875638,875638
875637,875637
875636,875636
875635,875635
875634,875634
875633,875633
875632,875632
875631,875631
875630,875630
875629,875629
875628,875628
875627,875627
875626,875626
875625,875625
875624,875624
875623,875623
875622,875622
875620,875620
875619,875619
875618,875618
875617,875617
875616,875616
875615,875615
875614,875614
875613,875613
875612,875612
875611,875611
875610,875610
875609,875609
875608,875608
875607,875607
875606,875606
875605,875605
875604,875604
875603,875603
875602,875602
875601,875601
875600,875600
875599,875599
875598,875598
875597,875597
875596,875596
875595,875595
875594,875594
875593,875593
875592,875592
875591,875591
875590,875590
875589,875589
875588,875588
875587,875587
875586,875586
875585,875585
875584,875584
875583,875583
875582,875582
875581,875581
875580,875580
875579,875579
875578,875578
875577,875577
875576,875576
875575,875575
875574,875574
875573,875573
875572,875572
875571,875571
875570,875570
875569,875569
875568,875568
875567,875567
875566,875566
875565,875565
875564,875564
875563,875563
875562,875562
875561,875561
875560,875560
875559,875559
875558,875558
875557,875557
875556,875556
875555,875555
875554,875554
875553,875553
875552,875552
875551,875551
875550,875550
875549,875549
875316,875316
875313,875313
87506,87506
871261,871261
864030,864030
864029,864029
864027,864027
864025,864025
864022,864022
864009,864009
856605,856605
856604,856604
856602,856602
856601,856601
856519,856519
856518,856518
856517,856517
856516,856516
856515,856515
856514,856514
856513,856513
856512,856512
856511,856511
856510,856510
856509,856509
856508,856508
856507,856507
856506,856506
856505,856505
856504,856504
856503,856503
856502,856502
856501,856501
856500,856500
856479,856479
856478,856478
856477,856477
856476,856476
856475,856475
856474,856474
856473,856473
856427,856427
856426,856426
856425,856425
856424,856424
856423,856423
856422,856422
856421,856421
856420,856420
856419,856419
856418,856418
856417,856417
856416,856416
856415,856415
856414,856414
856413,856413
856410,856410
856409,856409
856408,856408
856407,856407
856406,856406
856405,856405
856404,856404
856403,856403
856402,856402
856401,856401
856400,856400
856399,856399
856398,856398
856397,856397
856396,856396
856395,856395
856394,856394
856393,856393
856392,856392
856391,856391
856390,856390
856389,856389
856388,856388
856387,856387
856386,856386
856385,856385
856384,856384
856383,856383
856381,856381
856380,856380
856379,856379
856378,856378
856377,856377
856376,856376
856375,856375
856374,856374
856373,856373
856313,856313
856312,856312
856311,856311
856310,856310
856309,856309
856308,856308
856307,856307
856306,856306
856305,856305
856304,856304
856303,856303
856302,856302
856301,856301
856300,856300
856299,856299
856298,856298
856297,856297
856295,856295
856294,856294
856293,856293
856292,856292
856291,856291
856290,856290
856288,856288
856287,856287
856286,856286
856285,856285
856284,856284
856276,856276
856275,856275
856274,856274
856273,856273
856272,856272
856271,856271
856270,856270
856269,856269
856268,856268
856267,856267
856266,856266
856261,856261
856260,856260
856259,856259
856258,856258
856257,856257
856256,856256
856255,856255
856254,856254
856253,856253
856252,856252
856251,856251
856250,856250
856249,856249
856248,856248
856247,856247
856246,856246
856245,856245
856244,856244
856243,856243
856242,856242
856241,856241
856240,856240
856239,856239
856238,856238
856237,856237
856236,856236
856235,856235
856234,856234
856233,856233
856232,856232
856231,856231
856230,856230
856226,856226
856225,856225
856224,856224
856223,856223
856221,856221
856220,856220
856219,856219
856218,856218
856217,856217
856215,856215
856214,856214
856213,856213
856212,856212
856211,856211
856210,856210
856209,856209
856208,856208
856207,856207
856206,856206
856205,856205
856204,856204
856203,856203
856202,856202
856201,856201
856200,856200
856199,856199
856198,856198
856197,856197
856196,856196
856195,856195
856194,856194
856181,856181
856180,856180
856176,856176
856175,856175
856174,856174
856173,856173
856172,856172
856171,856171
856170,856170
856169,856169
856168,856168
856167,856167
856166,856166
856165,856165
856164,856164
856163,856163
856162,856162
856161,856161
856160,856160
856159,856159
856158,856158
856157,856157
856156,856156
856155,856155
856154,856154
856153,856153
856152,856152
856151,856151
856150,856150
856149,856149
856148,856148
856147,856147
856143,856143
856138,856138
856137,856137
856136,856136
856135,856135
856134,856134
856133,856133
856132,856132
856131,856131
856130,856130
856128,856128
856127,856127
856126,856126
856125,856125
856124,856124
856123,856123
856122,856122
856121,856121
856120,856120
856119,856119
856118,856118
856117,856117
856116,856116
856115,856115
856114,856114
856113,856113
856112,856112
856111,856111
856110,856110
856109,856109
856108,856108
856107,856107
856106,856106
856105,856105
856104,856104
856103,856103
856102,856102
856101,856101
856100,856100
856099,856099
856098,856098
856097,856097
856096,856096
856095,856095
856094,856094
856093,856093
856092,856092
856091,856091
856090,856090
856089,856089
856088,856088
856087,856087
856086,856086
856085,856085
856084,856084
856083,856083
856082,856082
856081,856081
856080,856080
856079,856079
856078,856078
856077,856077
856076,856076
856075,856075
856074,856074
856073,856073
856072,856072
856071,856071
856070,856070
856069,856069
856067,856067
856066,856066
856065,856065
856064,856064
856063,856063
856062,856062
856061,856061
856060,856060
856059,856059
856058,856058
856057,856057
856056,856056
856055,856055
856048,856048
856047,856047
856046,856046
856045,856045
856044,856044
856043,856043
856042,856042
856041,856041
856040,856040
856039,856039
856038,856038
856037,856037
856036,856036
856035,856035
856034,856034
856033,856033
856032,856032
856031,856031
856030,856030
856029,856029
856028,856028
856026,856026
856025,856025
856024,856024
856023,856023
856022,856022
856021,856021
856020,856020
856019,856019
856018,856018
856017,856017
856016,856016
856015,856015
856014,856014
856013,856013
856012,856012
856011,856011
856010,856010
856009,856009
856008,856008
856007,856007
856006,856006
856005,856005
856004,856004
856002,856002
856001,856001
856000,856000
855998,855998
855997,855997
855996,855996
855995,855995
855993,855993
855992,855992
855991,855991
855990,855990
855989,855989
855988,855988
855987,855987
855986,855986
855985,855985
855984,855984
855983,855983
855982,855982
855981,855981
855980,855980
855979,855979
855978,855978
855977,855977
855973,855973
855972,855972
855970,855970
855969,855969
855968,855968
855966,855966
855965,855965
855963,855963
855962,855962
855960,855960
855959,855959
855958,855958
855957,855957
855956,855956
855955,855955
855954,855954
855953,855953
855952,855952
855951,855951
855949,855949
855948,855948
855947,855947
855946,855946
855945,855945
855944,855944
855943,855943
855942,855942
855941,855941
855940,855940
855939,855939
855938,855938
855937,855937
855936,855936
855935,855935
855934,855934
855933,855933
855932,855932
855931,855931
855929,855929
855928,855928
855927,855927
855926,855926
855925,855925
855924,855924
855923,855923
855922,855922
855921,855921
855920,855920
855919,855919
855918,855918
855917,855917
855916,855916
855915,855915
855914,855914
855913,855913
855912,855912
855911,855911
855910,855910
855909,855909
855908,855908
855907,855907
855906,855906
855905,855905
855904,855904
855902,855902
855901,855901
855900,855900
855899,855899
855898,855898
855897,855897
855896,855896
855878,855878
855877,855877
855876,855876
855875,855875
855874,855874
855873,855873
855872,855872
855871,855871
855870,855870
855869,855869
855868,855868
855867,855867
855866,855866
855865,855865
855864,855864
855863,855863
855859,855859
855855,855855
855841,855841
855840,855840
855838,855838
855837,855837
855832,855832
855831,855831
855830,855830
855829,855829
855820,855820
855810,855810
855809,855809
855808,855808
855806,855806
855773,855773
855772,855772
855771,855771
855770,855770
855769,855769
855768,855768
855766,855766
855763,855763
855762,855762
855761,855761
855760,855760
855757,855757
855756,855756
855749,855749
855748,855748
855747,855747
855738,855738
855732,855732
855731,855731
855727,855727
855726,855726
855725,855725
855724,855724
855723,855723
855722,855722
855721,855721
855720,855720
855719,855719
855718,855718
855712,855712
855711,855711
855710,855710
855709,855709
855708,855708
855707,855707
855706,855706
855704,855704
855703,855703
855697,855697
855696,855696
855695,855695
855694,855694
855693,855693
855692,855692
855691,855691
855690,855690
855689,855689
855688,855688
855687,855687
855686,855686
855685,855685
855684,855684
855683,855683
855671,855671
855669,855669
855668,855668
855667,855667
855666,855666
855665,855665
855664,855664
855663,855663
855662,855662
855661,855661
855660,855660
855652,855652
855651,855651
855650,855650
855649,855649
855648,855648
855647,855647
855646,855646
855645,855645
855644,855644
855643,855643
855642,855642
855641,855641
855640,855640
855639,855639
855638,855638
855637,855637
855636,855636
855635,855635
855634,855634
855633,855633
855632,855632
855631,855631
855629,855629
855628,855628
855627,855627
855626,855626
855625,855625
855622,855622
855621,855621
855616,855616
855606,855606
855605,855605
855604,855604
855603,855603
855602,855602
855601,855601
855600,855600
855599,855599
855598,855598
855597,855597
855596,855596
855595,855595
855594,855594
855580,855580
855576,855576
855575,855575
855570,855570
855564,855564
855562,855562
855560,855560
855559,855559
855551,855551
855545,855545
855534,855534
855527,855527
855526,855526
855524,855524
855518,855518
855517,855517
855516,855516
855515,855515
855514,855514
855513,855513
855495,855495
855494,855494
855493,855493
855492,855492
855491,855491
855490,855490
855489,855489
855482,855482
855479,855479
855478,855478
855477,855477
855473,855473
855472,855472
855466,855466
855462,855462
855457,855457
855456,855456
855455,855455
855454,855454
855453,855453
855452,855452
855448,855448
855447,855447
855446,855446
855445,855445
855441,855441
855440,855440
855430,855430
855426,855426
855425,855425
855413,855413
855412,855412
855391,855391
855390,855390
855389,855389
855388,855388
855385,855385
855384,855384
855383,855383
855382,855382
855381,855381
855380,855380
855379,855379
855378,855378
855377,855377
855376,855376
855375,855375
855374,855374
855373,855373
855372,855372
855371,855371
855370,855370
855369,855369
855368,855368
855367,855367
855366,855366
855365,855365
855364,855364
855362,855362
855361,855361
855360,855360
855359,855359
855358,855358
855357,855357
855356,855356
855355,855355
855354,855354
855353,855353
855352,855352
855351,855351
855350,855350
855349,855349
855348,855348
855347,855347
855346,855346
855344,855344
855343,855343
855342,855342
855341,855341
855340,855340
855336,855336
855335,855335
855334,855334
855333,855333
855332,855332
855331,855331
855330,855330
855329,855329
855326,855326
855325,855325
855324,855324
855323,855323
855322,855322
855321,855321
855320,855320
855319,855319
855318,855318
855317,855317
855315,855315
855313,855313
855312,855312
855311,855311
855310,855310
855309,855309
855308,855308
855307,855307
855306,855306
855305,855305
855304,855304
855303,855303
855302,855302
855298,855298
855296,855296
855295,855295
855294,855294
855287,855287
855286,855286
855277,855277
855268,855268
855267,855267
855266,855266
855265,855265
855264,855264
855263,855263
855262,855262
855261,855261
855260,855260
855259,855259
855258,855258
855257,855257
855256,855256
855255,855255
855254,855254
855253,855253
855252,855252
855246,855246
855245,855245
855244,855244
855243,855243
855242,855242
855240,855240
855239,855239
855238,855238
855234,855234
855224,855224
855223,855223
855222,855222
855221,855221
855220,855220
855215,855215
855214,855214
855213,855213
855212,855212
855211,855211
855210,855210
855209,855209
855207,855207
855206,855206
855199,855199
855198,855198
855197,855197
855196,855196
855195,855195
855194,855194
855188,855188
855187,855187
855186,855186
855185,855185
855184,855184
855183,855183
855182,855182
855180,855180
855179,855179
855178,855178
855177,855177
855175,855175
855174,855174
855173,855173
855172,855172
855166,855166
855165,855165
855163,855163
855162,855162
855161,855161
855160,855160
855159,855159
855157,855157
855152,855152
855151,855151
855150,855150
855149,855149
855148,855148
855147,855147
855146,855146
855144,855144
855143,855143
855142,855142
855141,855141
855140,855140
855139,855139
855138,855138
855137,855137
855136,855136
855135,855135
855133,855133
855132,855132
855129,855129
855128,855128
855127,855127
855126,855126
855125,855125
855124,855124
855123,855123
855113,855113
855112,855112
855108,855108
855107,855107
855106,855106
855105,855105
855104,855104
855103,855103
855102,855102
855101,855101
855100,855100
855099,855099
855098,855098
855097,855097
855096,855096
855095,855095
855094,855094
855093,855093
855092,855092
855091,855091
855090,855090
855089,855089
855088,855088
855087,855087
855086,855086
855085,855085
855084,855084
855083,855083
855082,855082
855081,855081
855080,855080
855079,855079
855078,855078
855077,855077
855076,855076
855074,855074
855072,855072
855070,855070
855069,855069
855068,855068
855067,855067
855066,855066
855065,855065
855064,855064
855063,855063
855059,855059
855058,855058
855056,855056
855053,855053
855049,855049
855048,855048
855047,855047
855046,855046
855045,855045
855044,855044
855043,855043
855042,855042
855041,855041
855040,855040
855039,855039
855038,855038
855035,855035
855033,855033
855032,855032
855031,855031
855029,855029
855027,855027
855026,855026
855025,855025
855024,855024
855023,855023
855022,855022
855021,855021
855020,855020
855019,855019
855015,855015
855005,855005
846261,846261
846260,846260
846259,846259
846258,846258
846256,846256
846255,846255
846254,846254
846253,846253
846252,846252
846251,846251
846209,846209
846208,846208
846207,846207
846206,846206
846205,846205
846204,846204
846203,846203
846202,846202
846201,846201
846149,846149
846148,846148
846147,846147
846146,846146
846145,846145
846144,846144
846143,846143
846142,846142
846141,846141
846140,846140
846139,846139
846138,846138
846137,846137
846136,846136
846135,846135
846134,846134
846133,846133
846132,846132
846131,846131
846130,846130
846129,846129
846128,846128
846127,846127
846126,846126
846125,846125
846124,846124
846123,846123
846122,846122
846121,846121
846120,846120
846119,846119
846118,846118
846116,846116
846115,846115
846114,846114
846113,846113
846112,846112
846111,846111
846110,846110
846109,846109
846108,846108
846107,846107
846106,846106
846105,846105
846104,846104
846103,846103
846102,846102
846101,846101
846100,846100
846099,846099
846098,846098
846097,846097
846096,846096
846095,846095
846094,846094
846093,846093
846092,846092
846091,846091
846090,846090
846089,846089
846088,846088
846087,846087
846086,846086
846085,846085
846084,846084
846083,846083
846082,846082
846081,846081
846080,846080
846079,846079
846078,846078
846077,846077
846076,846076
846075,846075
846074,846074
846073,846073
846072,846072
846071,846071
846070,846070
846069,846069
846068,846068
846067,846067
846066,846066
846065,846065
846064,846064
846063,846063
846062,846062
846061,846061
846060,846060
846059,846059
846058,846058
846057,846057
846056,846056
846055,846055
846054,846054
846050,846050
846049,846049
846048,846048
846047,846047
846046,846046
846045,846045
846044,846044
846043,846043
846042,846042
846041,846041
846040,846040
846039,846039
846038,846038
846037,846037
846036,846036
846034,846034
846033,846033
846032,846032
846031,846031
846030,846030
846029,846029
846028,846028
846027,846027
846026,846026
846025,846025
846024,846024
846023,846023
846022,846022
846021,846021
846020,846020
846019,846019
846018,846018
846017,846017
846016,846016
846015,846015
846014,846014
846013,846013
846012,846012
846011,846011
846010,846010
846009,846009
846008,846008
846007,846007
846006,846006
846005,846005
846004,846004
846003,846003
846002,846002
845833,845833
845832,845832
845831,845831
845830,845830
845829,845829
845828,845828
845827,845827
845826,845826
845825,845825
845824,845824
845823,845823
845822,845822
845821,845821
845820,845820
845819,845819
845818,845818
845817,845817
845816,845816
845815,845815
845814,845814
845813,845813
845812,845812
845811,845811
845810,845810
845809,845809
845808,845808
845807,845807
845806,845806
845805,845805
845804,845804
845803,845803
845802,845802
845801,845801
845762,845762
845759,845759
845758,845758
845757,845757
845754,845754
845753,845753
845752,845752
845751,845751
845750,845750
845749,845749
845748,845748
845747,845747
845746,845746
845745,845745
845744,845744
845743,845743
845742,845742
845741,845741
845740,845740
845739,845739
845738,845738
845737,845737
845736,845736
845735,845735
845734,845734
845733,845733
845732,845732
845731,845731
845730,845730
845729,845729
845718,845718
845717,845717
845715,845715
845714,845714
845713,845713
845712,845712
845711,845711
845710,845710
845709,845709
845708,845708
845707,845707
845706,845706
845705,845705
845704,845704
845703,845703
845702,845702
845701,845701
845700,845700
845699,845699
845698,845698
845697,845697
845696,845696
845695,845695
845694,845694
845693,845693
845692,845692
845691,845691
845690,845690
845689,845689
845688,845688
845687,845687
845686,845686
845685,845685
845684,845684
845683,845683
845682,845682
845681,845681
845680,845680
845679,845679
845678,845678
845677,845677
845676,845676
845675,845675
845674,845674
845673,845673
845672,845672
845670,845670
845669,845669
845668,845668
845667,845667
845665,845665
845664,845664
845663,845663
845662,845662
845661,845661
845660,845660
845659,845659
845658,845658
845657,845657
845656,845656
845655,845655
845654,845654
845653,845653
845652,845652
845651,845651
845650,845650
845649,845649
845648,845648
845647,845647
845646,845646
845645,845645
845641,845641
845640,845640
845639,845639
845638,845638
845637,845637
845636,845636
845635,845635
845634,845634
845633,845633
845632,845632
845631,845631
845630,845630
845629,845629
845628,845628
845627,845627
845626,845626
845625,845625
845624,845624
845623,845623
845622,845622
845621,845621
845620,845620
845619,845619
845618,845618
845617,845617
845616,845616
845615,845615
845614,845614
845613,845613
845612,845612
845611,845611
845610,845610
845609,845609
845608,845608
845607,845607
845606,845606
845605,845605
845604,845604
845603,845603
845602,845602
845601,845601
845600,845600
845599,845599
845598,845598
845597,845597
845596,845596
845595,845595
845593,845593
845592,845592
845591,845591
845590,845590
845589,845589
845588,845588
845587,845587
845586,845586
845585,845585
845584,845584
845583,845583
845582,845582
845581,845581
845580,845580
845579,845579
845578,845578
845577,845577
845576,845576
845575,845575
845574,845574
845573,845573
845572,845572
845571,845571
845570,845570
845569,845569
845568,845568
845567,845567
845565,845565
845564,845564
845563,845563
845562,845562
845561,845561
845560,845560
845552,845552
845551,845551
845550,845550
845548,845548
845547,845547
845546,845546
845545,845545
845544,845544
845543,845543
845542,845542
845541,845541
845540,845540
845539,845539
845538,845538
845537,845537
845536,845536
845535,845535
845534,845534
845533,845533
845532,845532
845531,845531
845530,845530
845529,845529
845528,845528
845527,845527
845526,845526
845525,845525
845524,845524
845523,845523
845522,845522
845521,845521
845520,845520
845519,845519
845518,845518
845517,845517
845516,845516
845515,845515
845514,845514
845513,845513
845512,845512
845511,845511
845510,845510
845509,845509
845508,845508
845507,845507
845506,845506
845505,845505
845504,845504
845503,845503
845502,845502
845501,845501
845500,845500
845499,845499
845498,845498
845497,845497
845496,845496
845495,845495
845494,845494
845493,845493
845492,845492
845491,845491
845490,845490
845489,845489
845488,845488
845487,845487
845486,845486
845485,845485
845484,845484
845483,845483
845482,845482
845481,845481
845480,845480
845479,845479
845478,845478
845477,845477
845476,845476
845475,845475
845474,845474
845473,845473
845472,845472
845471,845471
845470,845470
845469,845469
845468,845468
845467,845467
845466,845466
845465,845465
845463,845463
845462,845462
845461,845461
845460,845460
845459,845459
845458,845458
845457,845457
845456,845456
845455,845455
845454,845454
845453,845453
845452,845452
845451,845451
845450,845450
845449,845449
845448,845448
845447,845447
845446,845446
845445,845445
845444,845444
845443,845443
845442,845442
845441,845441
845440,845440
845439,845439
845438,845438
845437,845437
845436,845436
845435,845435
845434,845434
845433,845433
845432,845432
845431,845431
845430,845430
845429,845429
845428,845428
845427,845427
845426,845426
845425,845425
845424,845424
845423,845423
845422,845422
845421,845421
845420,845420
845419,845419
845418,845418
845417,845417
845416,845416
845415,845415
845414,845414
845413,845413
845412,845412
845411,845411
845410,845410
845409,845409
845408,845408
845407,845407
845406,845406
845405,845405
845404,845404
845403,845403
845402,845402
845401,845401
845400,845400
845399,845399
845398,845398
845397,845397
845396,845396
845395,845395
845394,845394
845393,845393
845392,845392
845391,845391
845390,845390
845389,845389
845388,845388
845387,845387
845386,845386
845385,845385
845384,845384
845383,845383
845382,845382
845381,845381
845380,845380
845379,845379
845378,845378
845377,845377
845376,845376
845375,845375
845374,845374
845373,845373
845372,845372
845371,845371
845370,845370
845369,845369
845368,845368
845367,845367
845366,845366
845365,845365
845364,845364
845363,845363
845362,845362
845361,845361
845360,845360
845359,845359
845358,845358
845357,845357
845356,845356
845355,845355
845354,845354
845353,845353
845352,845352
845351,845351
845350,845350
845349,845349
845348,845348
845347,845347
845346,845346
845345,845345
845344,845344
845343,845343
845342,845342
845341,845341
845340,845340
845339,845339
845338,845338
845327,845327
845326,845326
845325,845325
845324,845324
845323,845323
845322,845322
845321,845321
845320,845320
845319,845319
845318,845318
845317,845317
845316,845316
845315,845315
845314,845314
845313,845313
845312,845312
845311,845311
845310,845310
845309,845309
845308,845308
845307,845307
845306,845306
845305,845305
845302,845302
845301,845301
845300,845300
845299,845299
845298,845298
845297,845297
845296,845296
845295,845295
845294,845294
845293,845293
845292,845292
845291,845291
845290,845290
845289,845289
845287,845287
845286,845286
845285,845285
845284,845284
845283,845283
845282,845282
845281,845281
845280,845280
845279,845279
845278,845278
845277,845277
845276,845276
845275,845275
845274,845274
845272,845272
845271,845271
845270,845270
845269,845269
845268,845268
845267,845267
845266,845266
845265,845265
845264,845264
845263,845263
845262,845262
845261,845261
845260,845260
845257,845257
845256,845256
845255,845255
845254,845254
845253,845253
845252,845252
845251,845251
845250,845250
845249,845249
845248,845248
845247,845247
845246,845246
845245,845245
845244,845244
845243,845243
845242,845242
845241,845241
845240,845240
845239,845239
845238,845238
845237,845237
845236,845236
845235,845235
845233,845233
845232,845232
845231,845231
845230,845230
845227,845227
845225,845225
845223,845223
845222,845222
845221,845221
845219,845219
845217,845217
845216,845216
845215,845215
845214,845214
845213,845213
845212,845212
845211,845211
845210,845210
845209,845209
845208,845208
845207,845207
845206,845206
845204,845204
845203,845203
845202,845202
845201,845201
845200,845200
845199,845199
845198,845198
845197,845197
845196,845196
845195,845195
845194,845194
845191,845191
845190,845190
845189,845189
845188,845188
845187,845187
845186,845186
845185,845185
845184,845184
845183,845183
845182,845182
845181,845181
845180,845180
845179,845179
845178,845178
845177,845177
845176,845176
845175,845175
845174,845174
845173,845173
845172,845172
845171,845171
845170,845170
845169,845169
845168,845168
845167,845167
845166,845166
845165,845165
845164,845164
845163,845163
845162,845162
845158,845158
845156,845156
845155,845155
845154,845154
845153,845153
845150,845150
845149,845149
845148,845148
845147,845147
845146,845146
845145,845145
845144,845144
845142,845142
845139,845139
845138,845138
845137,845137
845136,845136
845135,845135
845132,845132
845130,845130
845121,845121
845120,845120
845118,845118
845116,845116
845115,845115
845111,845111
845109,845109
845088,845088
845087,845087
845086,845086
845085,845085
845084,845084
845083,845083
845082,845082
845081,845081
845080,845080
845079,845079
845078,845078
845077,845077
845076,845076
845075,845075
845074,845074
845073,845073
845071,845071
845070,845070
845069,845069
845068,845068
845067,845067
845061,845061
845060,845060
845059,845059
845058,845058
845056,845056
845052,845052
845045,845045
845043,845043
845042,845042
845041,845041
845037,845037
845035,845035
845033,845033
845032,845032
845031,845031
845029,845029
845028,845028
845027,845027
845025,845025
845024,845024
845019,845019
845018,845018
845006,845006
845005,845005
8,8
74271,74271
701014,701014
701013,701013
701012,701012
701011,701011
701010,701010
701009,701009
701008,701008
701005,701005
701004,701004
701003,701003
701001,701001
701000,701000
700921,700921
700920,700920
700919,700919
700918,700918
700917,700917
700916,700916
700915,700915
700914,700914
700913,700913
700912,700912
700911,700911
700910,700910
700909,700909
700908,700908
700907,700907
700906,700906
700905,700905
700904,700904
700903,700903
700902,700902
700901,700901
700900,700900
700818,700818
700817,700817
700816,700816
700815,700815
700813,700813
700812,700812
700811,700811
700810,700810
700809,700809
700808,700808
700807,700807
700806,700806
700805,700805
700804,700804
700803,700803
700802,700802
700801,700801
700800,700800
700799,700799
700798,700798
700797,700797
700796,700796
700795,700795
700794,700794
700793,700793
700792,700792
700791,700791
700790,700790
700789,700789
700788,700788
700787,700787
700786,700786
700783,700783
700782,700782
700781,700781
700780,700780
700779,700779
700778,700778
700777,700777
700776,700776
700775,700775
700774,700774
700773,700773
700772,700772
700771,700771
700770,700770
700769,700769
700768,700768
700767,700767
700766,700766
700765,700765
700764,700764
700763,700763
700762,700762
700761,700761
700760,700760
700759,700759
700758,700758
700757,700757
700756,700756
700755,700755
700753,700753
700752,700752
700751,700751
700750,700750
700749,700749
700748,700748
700747,700747
700746,700746
700745,700745
700744,700744
700743,700743
700742,700742
700741,700741
700701,700701
700700,700700
700699,700699
700698,700698
700697,700697
700696,700696
700695,700695
700694,700694
700693,700693
700692,700692
700691,700691
700690,700690
700689,700689
700688,700688
700687,700687
700686,700686
700685,700685
700684,700684
700683,700683
700682,700682
700681,700681
700680,700680
700679,700679
700678,700678
700677,700677
700676,700676
700675,700675
700674,700674
700673,700673
700672,700672
700671,700671
700668,700668
700666,700666
700665,700665
700664,700664
700663,700663
700662,700662
700661,700661
700660,700660
700659,700659
700656,700656
700655,700655
700654,700654
700647,700647
700646,700646
700645,700645
700644,700644
700643,700643
700642,700642
700641,700641
700640,700640
700639,700639
700638,700638
700637,700637
700636,700636
700635,700635
700634,700634
700633,700633
700632,700632
700627,700627
700626,700626
700625,700625
700624,700624
700623,700623
700622,700622
700621,700621
700620,700620
700619,700619
700618,700618
700617,700617
700616,700616
700615,700615
700614,700614
700613,700613
700612,700612
700611,700611
700610,700610
700609,700609
700608,700608
700607,700607
700606,700606
700605,700605
700604,700604
700603,700603
700602,700602
700601,700601
700600,700600
700599,700599
700598,700598
700597,700597
700596,700596
700595,700595
700594,700594
700593,700593
700592,700592
700590,700590
700589,700589
700588,700588
700587,700587
700586,700586
700584,700584
700583,700583
700582,700582
700581,700581
700580,700580
700578,700578
700577,700577
700576,700576
700575,700575
700574,700574
700573,700573
700572,700572
700571,700571
700570,700570
700569,700569
700568,700568
700567,700567
700566,700566
700565,700565
700564,700564
700563,700563
700562,700562
700561,700561
700560,700560
700559,700559
700558,700558
700557,700557
700556,700556
700555,700555
700542,700542
700541,700541
700540,700540
700539,700539
700538,700538
700537,700537
700536,700536
700535,700535
700534,700534
700533,700533
700532,700532
700531,700531
700530,700530
700529,700529
700528,700528
700527,700527
700526,700526
700525,700525
700524,700524
700523,700523
700522,700522
700521,700521
700520,700520
700519,700519
700518,700518
700517,700517
700516,700516
700515,700515
700514,700514
700513,700513
700509,700509
700504,700504
700503,700503
700502,700502
700501,700501
700500,700500
700498,700498
700497,700497
700496,700496
700495,700495
700494,700494
700493,700493
700492,700492
700491,700491
700489,700489
700488,700488
700487,700487
700486,700486
700485,700485
700484,700484
700483,700483
700482,700482
700481,700481
700480,700480
700479,700479
700478,700478
700477,700477
700476,700476
700475,700475
700474,700474
700473,700473
700472,700472
700471,700471
700469,700469
700468,700468
700467,700467
700466,700466
700465,700465
700464,700464
700463,700463
700462,700462
700461,700461
700460,700460
700459,700459
700458,700458
700457,700457
700456,700456
700455,700455
700454,700454
700453,700453
700452,700452
700451,700451
700450,700450
700449,700449
700448,700448
700447,700447
700446,700446
700445,700445
700444,700444
700443,700443
700442,700442
700440,700440
700439,700439
700438,700438
700437,700437
700435,700435
700434,700434
700433,700433
700431,700431
700430,700430
700429,700429
700427,700427
700426,700426
700425,700425
700424,700424
700423,700423
700422,700422
700421,700421
700420,700420
700419,700419
700412,700412
700411,700411
700410,700410
700409,700409
700408,700408
700407,700407
700406,700406
700405,700405
700404,700404
700403,700403
700402,700402
700401,700401
700400,700400
700399,700399
700398,700398
700397,700397
700396,700396
700395,700395
700394,700394
700393,700393
700392,700392
700391,700391
700390,700390
700389,700389
700387,700387
700386,700386
700385,700385
700384,700384
700383,700383
700382,700382
700381,700381
700380,700380
700379,700379
700378,700378
700377,700377
700376,700376
700375,700375
700374,700374
700373,700373
700372,700372
700370,700370
700369,700369
700368,700368
700367,700367
700366,700366
700365,700365
700364,700364
700363,700363
700362,700362
700361,700361
700360,700360
700359,700359
700358,700358
700357,700357
700356,700356
700355,700355
700354,700354
700353,700353
700352,700352
700351,700351
700349,700349
700348,700348
700347,700347
700345,700345
700344,700344
700343,700343
700342,700342
700341,700341
700340,700340
700339,700339
700338,700338
700337,700337
700336,700336
700335,700335
700334,700334
700332,700332
700331,700331
700330,700330
700329,700329
700328,700328
700327,700327
700326,700326
700325,700325
700324,700324
700323,700323
700322,700322
700321,700321
700320,700320
700319,700319
700318,700318
700317,700317
700316,700316
700315,700315
700314,700314
700312,700312
700311,700311
700310,700310
700309,700309
700308,700308
700307,700307
700306,700306
700305,700305
700304,700304
700303,700303
700302,700302
700301,700301
700300,700300
700299,700299
700298,700298
700297,700297
700296,700296
700293,700293
700292,700292
700291,700291
700290,700290
700289,700289
700288,700288
700287,700287
700285,700285
700284,700284
700283,700283
700282,700282
700281,700281
700280,700280
700279,700279
700273,700273
700272,700272
700271,700271
700270,700270
700269,700269
700268,700268
700267,700267
700266,700266
700265,700265
700264,700264
700263,700263
700261,700261
700260,700260
700259,700259
700258,700258
700257,700257
700256,700256
700253,700253
700252,700252
700251,700251
700250,700250
700249,700249
700247,700247
700243,700243
700240,700240
700238,700238
700234,700234
700232,700232
700231,700231
700230,700230
700229,700229
700228,700228
700227,700227
700225,700225
700224,700224
700219,700219
700218,700218
700215,700215
700214,700214
700212,700212
700209,700209
700206,700206
700205,700205
700204,700204
700203,700203
700202,700202
700201,700201
700200,700200
700199,700199
700198,700198
700197,700197
700196,700196
700195,700195
700194,700194
700193,700193
700192,700192
700191,700191
700190,700190
700189,700189
700188,700188
700187,700187
700186,700186
700185,700185
700184,700184
700183,700183
700181,700181
700180,700180
700179,700179
700178,700178
700177,700177
700176,700176
700175,700175
700174,700174
700173,700173
700172,700172
700171,700171
700170,700170
700169,700169
700168,700168
700167,700167
700166,700166
700165,700165
700164,700164
700163,700163
700162,700162
700161,700161
700160,700160
700159,700159
700158,700158
700157,700157
700156,700156
700155,700155
700154,700154
700153,700153
700152,700152
700143,700143
700142,700142
700141,700141
700140,700140
700139,700139
700138,700138
700137,700137
700136,700136
700135,700135
700134,700134
700133,700133
700132,700132
700131,700131
700123,700123
700122,700122
700121,700121
700120,700120
700119,700119
700118,700118
700117,700117
700116,700116
700115,700115
700114,700114
700113,700113
700112,700112
700111,700111
700110,700110
700109,700109
700108,700108
700107,700107
700106,700106
700105,700105
700104,700104
700103,700103
700102,700102
700101,700101
700100,700100
700099,700099
700098,700098
700097,700097
700096,700096
700095,700095
700094,700094
700093,700093
700092,700092
700091,700091
700090,700090
700089,700089
700088,700088
700087,700087
700086,700086
700085,700085
700083,700083
700082,700082
700081,700081
700080,700080
700079,700079
700078,700078
700077,700077
700073,700073
700072,700072
700070,700070
700069,700069
700058,700058
700057,700057
700056,700056
700055,700055
700054,700054
700053,700053
700052,700052
700051,700051
700050,700050
700049,700049
700048,700048
700047,700047
700046,700046
700045,700045
700044,700044
700043,700043
700042,700042
700041,700041
700040,700040
700039,700039
700036,700036
700035,700035
700034,700034
700028,700028
700027,700027
700026,700026
700024,700024
700023,700023
700022,700022
700018,700018
700017,700017
700016,700016
700011,700011
700010,700010
700009,700009
700008,700008
700007,700007
700005,700005
700004,700004
700002,700002
700001,700001
700000,700000
604929,604929
604927,604927
604926,604926
604583,604583
604582,604582
604581,604581
604580,604580
604571,604571
604570,604570
604565,604565
604540,604540
604533,604533
604530,604530
604514,604514
604512,604512
604511,604511
604510,604510
604509,604509
604508,604508
604507,604507
604503,604503
604502,604502
604501,604501
604499,604499
555030,555030
555029,555029
555027,555027
470507,470507
470506,470506
470505,470505
470504,470504
470503,470503
470502,470502
470501,470501
470500,470500
470027,470027
470026,470026
470025,470025
470024,470024
470023,470023
470022,470022
470021,470021
470020,470020
470019,470019
470018,470018
470017,470017
470016,470016
470015,470015
470014,470014
470013,470013
470012,470012
470011,470011
470010,470010
470009,470009
470008,470008
470007,470007
470006,470006
470005,470005
470004,470004
470003,470003
470002,470002
470001,470001
451426,451426
451425,451425
451424,451424
451423,451423
451422,451422
451421,451421
451420,451420
451419,451419
451410,451410
451406,451406
451404,451404
451403,451403
451402,451402
451386,451386
451385,451385
451384,451384
451383,451383
451382,451382
451381,451381
451380,451380
451379,451379
451378,451378
451377,451377
451376,451376
451373,451373
451372,451372
451370,451370
451364,451364
451363,451363
451360,451360
451359,451359
451358,451358
451349,451349
451348,451348
451347,451347
451346,451346
451345,451345
451344,451344
451343,451343
451342,451342
451341,451341
451340,451340
451339,451339
451338,451338
451336,451336
451335,451335
451334,451334
451333,451333
451332,451332
451331,451331
451330,451330
451329,451329
451320,451320
451319,451319
451318,451318
451317,451317
451316,451316
451315,451315
451314,451314
451313,451313
451312,451312
451311,451311
451310,451310
451309,451309
451308,451308
451307,451307
451306,451306
451305,451305
451304,451304
451303,451303
451302,451302
451301,451301
451300,451300
451299,451299
451298,451298
451297,451297
451296,451296
451295,451295
451294,451294
451293,451293
451292,451292
451291,451291
451290,451290
451289,451289
451288,451288
451287,451287
451286,451286
451285,451285
451284,451284
451283,451283
451282,451282
451281,451281
451280,451280
451279,451279
451278,451278
451277,451277
451276,451276
451275,451275
451274,451274
451273,451273
451270,451270
451269,451269
451268,451268
451267,451267
451266,451266
451265,451265
451264,451264
451263,451263
451260,451260
451259,451259
451258,451258
451257,451257
451256,451256
451255,451255
451254,451254
451253,451253
451252,451252
451251,451251
451250,451250
451249,451249
451248,451248
451247,451247
451246,451246
451245,451245
451244,451244
451243,451243
451242,451242
451241,451241
451240,451240
451239,451239
451238,451238
451237,451237
451236,451236
451235,451235
451233,451233
451232,451232
451231,451231
451230,451230
451229,451229
451228,451228
451227,451227
451226,451226
451225,451225
451224,451224
451223,451223
451222,451222
451221,451221
451220,451220
451219,451219
451218,451218
451217,451217
451216,451216
451214,451214
451213,451213
451212,451212
451211,451211
451210,451210
451209,451209
451208,451208
451207,451207
451206,451206
451205,451205
451204,451204
451203,451203
451202,451202
451201,451201
451200,451200
451199,451199
451198,451198
451197,451197
451196,451196
451195,451195
451194,451194
451193,451193
451192,451192
451191,451191
451190,451190
451189,451189
451188,451188
451187,451187
451186,451186
451185,451185
451184,451184
451183,451183
451182,451182
451181,451181
451180,451180
451172,451172
451171,451171
451170,451170
451169,451169
451168,451168
451167,451167
451166,451166
451165,451165
451164,451164
451163,451163
451162,451162
451161,451161
451160,451160
451159,451159
451158,451158
451157,451157
451156,451156
451155,451155
451154,451154
451153,451153
451152,451152
451151,451151
451150,451150
451149,451149
451148,451148
451147,451147
451146,451146
451145,451145
451144,451144
451143,451143
451142,451142
451141,451141
451140,451140
451139,451139
451138,451138
451137,451137
451136,451136
451135,451135
451131,451131
451130,451130
451129,451129
451128,451128
451127,451127
451124,451124
451122,451122
451121,451121
451120,451120
451118,451118
451117,451117
451116,451116
451115,451115
451112,451112
451111,451111
451110,451110
451109,451109
451108,451108
451107,451107
451106,451106
451105,451105
451104,451104
451103,451103
451102,451102
451101,451101
451100,451100
451099,451099
451098,451098
451097,451097
451096,451096
451095,451095
451094,451094
451093,451093
451092,451092
451091,451091
451087,451087
451086,451086
451085,451085
451084,451084
451082,451082
451081,451081
451080,451080
451079,451079
451078,451078
451070,451070
451067,451067
451066,451066
451065,451065
451064,451064
451063,451063
451062,451062
451061,451061
451060,451060
451059,451059
451058,451058
451057,451057
451056,451056
451055,451055
451054,451054
451053,451053
451052,451052
451051,451051
451050,451050
451049,451049
451048,451048
451047,451047
451046,451046
451045,451045
451044,451044
451043,451043
451042,451042
451041,451041
451040,451040
451039,451039
451038,451038
451037,451037
451036,451036
451035,451035
451034,451034
451033,451033
451032,451032
451031,451031
451030,451030
451029,451029
451028,451028
451027,451027
451026,451026
451025,451025
451024,451024
451023,451023
451022,451022
451021,451021
451020,451020
451019,451019
451018,451018
451017,451017
451016,451016
451015,451015
451014,451014
451013,451013
451012,451012
451011,451011
451010,451010
451009,451009
451008,451008
451007,451007
451006,451006
451005,451005
451004,451004
451003,451003
451002,451002
451001,451001
451000,451000
450999,450999
450998,450998
450997,450997
450996,450996
450995,450995
450994,450994
450986,450986
450985,450985
450984,450984
450983,450983
450982,450982
450981,450981
450980,450980
450979,450979
450978,450978
450977,450977
450976,450976
450975,450975
450974,450974
450973,450973
450972,450972
450971,450971
450970,450970
450969,450969
450968,450968
450967,450967
450966,450966
450965,450965
450964,450964
450963,450963
450962,450962
450961,450961
450960,450960
450959,450959
450958,450958
450957,450957
450956,450956
450954,450954
450953,450953
450952,450952
450951,450951
450950,450950
450949,450949
450948,450948
450946,450946
450944,450944
450943,450943
450942,450942
450941,450941
450940,450940
450939,450939
450937,450937
450936,450936
450935,450935
450934,450934
450933,450933
450932,450932
450931,450931
450930,450930
450929,450929
450928,450928
450927,450927
450926,450926
450925,450925
450924,450924
450923,450923
450922,450922
450921,450921
450920,450920
450919,450919
450918,450918
450917,450917
450916,450916
450915,450915
450914,450914
450913,450913
450912,450912
450911,450911
450910,450910
450909,450909
450908,450908
450907,450907
450906,450906
450905,450905
450904,450904
450903,450903
450902,450902
450901,450901
450900,450900
450899,450899
450898,450898
450897,450897
450896,450896
450895,450895
450894,450894
450893,450893
450892,450892
450891,450891
450890,450890
450887,450887
450886,450886
450885,450885
450884,450884
450883,450883
450882,450882
450881,450881
450880,450880
450879,450879
450878,450878
450876,450876
450875,450875
450874,450874
450873,450873
450872,450872
450871,450871
450866,450866
450865,450865
450864,450864
450863,450863
450862,450862
450860,450860
450859,450859
450858,450858
450857,450857
450855,450855
450854,450854
450853,450853
450852,450852
450851,450851
450850,450850
450849,450849
450848,450848
450847,450847
450843,450843
450842,450842
450838,450838
450837,450837
450836,450836
450835,450835
450834,450834
450833,450833
450832,450832
450831,450831
450830,450830
450829,450829
450828,450828
450827,450827
450826,450826
450824,450824
450823,450823
450822,450822
450820,450820
450819,450819
450814,450814
450812,450812
450811,450811
450810,450810
450809,450809
450808,450808
450807,450807
450806,450806
450805,450805
450804,450804
450803,450803
450798,450798
450797,450797
450796,450796
450795,450795
450794,450794
450793,450793
450792,450792
450791,450791
450790,450790
450789,450789
450788,450788
450787,450787
450786,450786
450785,450785
450783,450783
450782,450782
450781,450781
450780,450780
450779,450779
450776,450776
450775,450775
450774,450774
450773,450773
450771,450771
450769,450769
450768,450768
450767,450767
450766,450766
450765,450765
450764,450764
450763,450763
450762,450762
450761,450761
450760,450760
450759,450759
450758,450758
450757,450757
450756,450756
450755,450755
450754,450754
450753,450753
450749,450749
450748,450748
450747,450747
450746,450746
450744,450744
450743,450743
450742,450742
450741,450741
450740,450740
450739,450739
450738,450738
450737,450737
450736,450736
450735,450735
450734,450734
450733,450733
450732,450732
450731,450731
450730,450730
450729,450729
450728,450728
450727,450727
450724,450724
450723,450723
450722,450722
450721,450721
450720,450720
450717,450717
450716,450716
450710,450710
450709,450709
450706,450706
450704,450704
450703,450703
450695,450695
450694,450694
450693,450693
450692,450692
450691,450691
450690,450690
450689,450689
450688,450688
450687,450687
450685,450685
450684,450684
450683,450683
450682,450682
450681,450681
450680,450680
450679,450679
450678,450678
450677,450677
450676,450676
450675,450675
450674,450674
450673,450673
450672,450672
450671,450671
450669,450669
450668,450668
450667,450667
450665,450665
450663,450663
450662,450662
450661,450661
450660,450660
450659,450659
450654,450654
450653,450653
450652,450652
450651,450651
450650,450650
450649,450649
450648,450648
450647,450647
450646,450646
450645,450645
450644,450644
450643,450643
450642,450642
450641,450641
450640,450640
450639,450639
450638,450638
450637,450637
450636,450636
450635,450635
450634,450634
450633,450633
450632,450632
450631,450631
450630,450630
450629,450629
450628,450628
450623,450623
450620,450620
450619,450619
450617,450617
450616,450616
450615,450615
450608,450608
450607,450607
450606,450606
450605,450605
450604,450604
450603,450603
450602,450602
450601,450601
450600,450600
450592,450592
450591,450591
450590,450590
450585,450585
450584,450584
450583,450583
450582,450582
450581,450581
450580,450580
450579,450579
450578,450578
450577,450577
450576,450576
450575,450575
450574,450574
450573,450573
450572,450572
450571,450571
450570,450570
450569,450569
450568,450568
450567,450567
450566,450566
450565,450565
450564,450564
450563,450563
450562,450562
450561,450561
450559,450559
450558,450558
450557,450557
450556,450556
450555,450555
450554,450554
450553,450553
450552,450552
450551,450551
450550,450550
450549,450549
450548,450548
450547,450547
450546,450546
450545,450545
450544,450544
450543,450543
450542,450542
450540,450540
450539,450539
450538,450538
450537,450537
450536,450536
450535,450535
450534,450534
450533,450533
450532,450532
450531,450531
450528,450528
450527,450527
450526,450526
450525,450525
450524,450524
450523,450523
450522,450522
450521,450521
450520,450520
450519,450519
450518,450518
450517,450517
450516,450516
450514,450514
450513,450513
450512,450512
450511,450511
450510,450510
450509,450509
450508,450508
450507,450507
450506,450506
450505,450505
450504,450504
450503,450503
450502,450502
450501,450501
450500,450500
450499,450499
450498,450498
450497,450497
450496,450496
450495,450495
450494,450494
450493,450493
450492,450492
450489,450489
450488,450488
450487,450487
450486,450486
450485,450485
450483,450483
450481,450481
450478,450478
450477,450477
450476,450476
450475,450475
450474,450474
450473,450473
450472,450472
450471,450471
450470,450470
450469,450469
450468,450468
450467,450467
450466,450466
450465,450465
450464,450464
450463,450463
450462,450462
450461,450461
450460,450460
450459,450459
450458,450458
450457,450457
450456,450456
450455,450455
450454,450454
450453,450453
450452,450452
450451,450451
450450,450450
450449,450449
450447,450447
450446,450446
450445,450445
450444,450444
450443,450443
450442,450442
450441,450441
450440,450440
450439,450439
450438,450438
450437,450437
450436,450436
450435,450435
450433,450433
450432,450432
450431,450431
450430,450430
450429,450429
450428,450428
450427,450427
450426,450426
450425,450425
450424,450424
450423,450423
450422,450422
450421,450421
450420,450420
450417,450417
450415,450415
450414,450414
450413,450413
450412,450412
450411,450411
450410,450410
450409,450409
450408,450408
450407,450407
450406,450406
450405,450405
450404,450404
450403,450403
450402,450402
450401,450401
450400,450400
450399,450399
450398,450398
450397,450397
450396,450396
450393,450393
450391,450391
450390,450390
450388,450388
450387,450387
450386,450386
450385,450385
450384,450384
450383,450383
450382,450382
450381,450381
450380,450380
450379,450379
450376,450376
450375,450375
450374,450374
450371,450371
450369,450369
450368,450368
450367,450367
450364,450364
450363,450363
450362,450362
450360,450360
450359,450359
450358,450358
450356,450356
450353,450353
450352,450352
450351,450351
450350,450350
450349,450349
450348,450348
450347,450347
450346,450346
450345,450345
450344,450344
450343,450343
450342,450342
450341,450341
450340,450340
450339,450339
450338,450338
450337,450337
450336,450336
450334,450334
450331,450331
450330,450330
450329,450329
450328,450328
450327,450327
450326,450326
450325,450325
450324,450324
450323,450323
450322,450322
450321,450321
450320,450320
450319,450319
450318,450318
450317,450317
450316,450316
450315,450315
450314,450314
450313,450313
450312,450312
450311,450311
450310,450310
450309,450309
450307,450307
450306,450306
450305,450305
450304,450304
450302,450302
450300,450300
450299,450299
450298,450298
450297,450297
450295,450295
450294,450294
450293,450293
450290,450290
450288,450288
450287,450287
450286,450286
450285,450285
450284,450284
450283,450283
450282,450282
450281,450281
450280,450280
450279,450279
450278,450278
450277,450277
450276,450276
450273,450273
450272,450272
450271,450271
450270,450270
450269,450269
450268,450268
450265,450265
450261,450261
450260,450260
450259,450259
450258,450258
450257,450257
450256,450256
450255,450255
450254,450254
450248,450248
450247,450247
450246,450246
450245,450245
450244,450244
450243,450243
450242,450242
450241,450241
450240,450240
450239,450239
450238,450238
450237,450237
450236,450236
450235,450235
450234,450234
450233,450233
450232,450232
450231,450231
450230,450230
450229,450229
450228,450228
450227,450227
450226,450226
450225,450225
450224,450224
450223,450223
450220,450220
450216,450216
450215,450215
450213,450213
450212,450212
450211,450211
450210,450210
450209,450209
450208,450208
450207,450207
450199,450199
450198,450198
450197,450197
450196,450196
450191,450191
450189,450189
450188,450188
450185,450185
450184,450184
450183,450183
450182,450182
450181,450181
450180,450180
450179,450179
450178,450178
450177,450177
450176,450176
450171,450171
450169,450169
450167,450167
450165,450165
450164,450164
450157,450157
450156,450156
450154,450154
450153,450153
450152,450152
450151,450151
450150,450150
450149,450149
450148,450148
450147,450147
450146,450146
450145,450145
450142,450142
450140,450140
450139,450139
450138,450138
450136,450136
450134,450134
450133,450133
450132,450132
450131,450131
450129,450129
450128,450128
450126,450126
450125,450125
450124,450124
450122,450122
450120,450120
450119,450119
450118,450118
450117,450117
450115,450115
450114,450114
450113,450113
450112,450112
450111,450111
450109,450109
450108,450108
450107,450107
450106,450106
450098,450098
450097,450097
450096,450096
450095,450095
450094,450094
450093,450093
450092,450092
450091,450091
450090,450090
450089,450089
450087,450087
450084,450084
450081,450081
450079,450079
450076,450076
450075,450075
450074,450074
450073,450073
450072,450072
450071,450071
450068,450068
450061,450061
450060,450060
450059,450059
450057,450057
450055,450055
450054,450054
450053,450053
450052,450052
450051,450051
450050,450050
450049,450049
450043,450043
450033,450033
450031,450031
450030,450030
450025,450025
450024,450024
450010,450010
450009,450009
450007,450007
450006,450006
449952,449952
449951,449951
449950,449950
449022,449022
449021,449021
449020,449020
449019,449019
449018,449018
449017,449017
449016,449016
449015,449015
449014,449014
449013,449013
449012,449012
449011,449011
449010,449010
449009,449009
449008,449008
449007,449007
449006,449006
449005,449005
449004,449004
449003,449003
449002,449002
449001,449001
448019,448019
448018,448018
448017,448017
448016,448016
448015,448015
448014,448014
448013,448013
448012,448012
448011,448011
448010,448010
448009,448009
448008,448008
448007,448007
448006,448006
448005,448005
448004,448004
448003,448003
448002,448002
448001,448001
447061,447061
447060,447060
447059,447059
447058,447058
447057,447057
447056,447056
447055,447055
447054,447054
447053,447053
447052,447052
447051,447051
447050,447050
447049,447049
447048,447048
447047,447047
447046,447046
447045,447045
447044,447044
447043,447043
447042,447042
447041,447041
447040,447040
447039,447039
447038,447038
447037,447037
447036,447036
447035,447035
447034,447034
447033,447033
447032,447032
447031,447031
447030,447030
447029,447029
447028,447028
447027,447027
447026,447026
447025,447025
447024,447024
447023,447023
447022,447022
447021,447021
447019,447019
447018,447018
447017,447017
447016,447016
447015,447015
447014,447014
447013,447013
447012,447012
447011,447011
447010,447010
447009,447009
447008,447008
447007,447007
447006,447006
447005,447005
447004,447004
447003,447003
447002,447002
447001,447001
447000,447000
446215,446215
446214,446214
446213,446213
446212,446212
446209,446209
446208,446208
446207,446207
446206,446206
446205,446205
446204,446204
446203,446203
446202,446202
446201,446201
446200,446200
446199,446199
446198,446198
446197,446197
446196,446196
446195,446195
446194,446194
446193,446193
446192,446192
446191,446191
446190,446190
446189,446189
446188,446188
446187,446187
446186,446186
446185,446185
446183,446183
446182,446182
446181,446181
446180,446180
446179,446179
446178,446178
446177,446177
446176,446176
446175,446175
446174,446174
446173,446173
446172,446172
446171,446171
446170,446170
446169,446169
446168,446168
446167,446167
446166,446166
446165,446165
446164,446164
446163,446163
446162,446162
446161,446161
446160,446160
446159,446159
446158,446158
446157,446157
446156,446156
446155,446155
446154,446154
446153,446153
446152,446152
446151,446151
446150,446150
446149,446149
446148,446148
446147,446147
446146,446146
446145,446145
446144,446144
446143,446143
446142,446142
446141,446141
446140,446140
446139,446139
446138,446138
446137,446137
446136,446136
446135,446135
446134,446134
446133,446133
446132,446132
446131,446131
446130,446130
446129,446129
446128,446128
446127,446127
446126,446126
446125,446125
446124,446124
446123,446123
446122,446122
446121,446121
446120,446120
446119,446119
446118,446118
446117,446117
446116,446116
446115,446115
446114,446114
446113,446113
446112,446112
446111,446111
446110,446110
446109,446109
446108,446108
446107,446107
446106,446106
446105,446105
446104,446104
446103,446103
446102,446102
446101,446101
446100,446100
446099,446099
446098,446098
446097,446097
446096,446096
446095,446095
446094,446094
446093,446093
446091,446091
446084,446084
446083,446083
446082,446082
446081,446081
446080,446080
446079,446079
446078,446078
446077,446077
446076,446076
446075,446075
446073,446073
446072,446072
446071,446071
446070,446070
446069,446069
446068,446068
446067,446067
446066,446066
446065,446065
446064,446064
446063,446063
446062,446062
446061,446061
446060,446060
446059,446059
446057,446057
446056,446056
446055,446055
446054,446054
446053,446053
446052,446052
446051,446051
446050,446050
446049,446049
446048,446048
446047,446047
446046,446046
446045,446045
446044,446044
446043,446043
446042,446042
446041,446041
446040,446040
446039,446039
446038,446038
446037,446037
446036,446036
446035,446035
446034,446034
446033,446033
446032,446032
446031,446031
446029,446029
446028,446028
446026,446026
446025,446025
446024,446024
446023,446023
446022,446022
446021,446021
446020,446020
446019,446019
446018,446018
446017,446017
446016,446016
446015,446015
446014,446014
446013,446013
446012,446012
446010,446010
446009,446009
446007,446007
446006,446006
446005,446005
446004,446004
446001,446001
445999,445999
445998,445998
445997,445997
445996,445996
445995,445995
445994,445994
445993,445993
445992,445992
445991,445991
445989,445989
445988,445988
445987,445987
445986,445986
445985,445985
445984,445984
445983,445983
445982,445982
445981,445981
445980,445980
445979,445979
445978,445978
445977,445977
445976,445976
445975,445975
445974,445974
445973,445973
445972,445972
445971,445971
445970,445970
445969,445969
445968,445968
445967,445967
445966,445966
445965,445965
445964,445964
445963,445963
445962,445962
445961,445961
445960,445960
445959,445959
445958,445958
445957,445957
445956,445956
445955,445955
445954,445954
445953,445953
445952,445952
445951,445951
445950,445950
445948,445948
445947,445947
445946,445946
445945,445945
445944,445944
445942,445942
445941,445941
445940,445940
445939,445939
445938,445938
445937,445937
445936,445936
445935,445935
445934,445934
445933,445933
445932,445932
445931,445931
445930,445930
445929,445929
445928,445928
445927,445927
445926,445926
445925,445925
445924,445924
445923,445923
445922,445922
445921,445921
445920,445920
445919,445919
445918,445918
445917,445917
445916,445916
445915,445915
445914,445914
445913,445913
445912,445912
445911,445911
445910,445910
445909,445909
445908,445908
445907,445907
445906,445906
445905,445905
445904,445904
445903,445903
445902,445902
445901,445901
445900,445900
445899,445899
445898,445898
445897,445897
445896,445896
445895,445895
445894,445894
445893,445893
445892,445892
445891,445891
445890,445890
445889,445889
445888,445888
445887,445887
445886,445886
445885,445885
445884,445884
445883,445883
445882,445882
445881,445881
445880,445880
445879,445879
445878,445878
445877,445877
445875,445875
445874,445874
445873,445873
445872,445872
445871,445871
445870,445870
445869,445869
445868,445868
445867,445867
445866,445866
445865,445865
445864,445864
445863,445863
445862,445862
445861,445861
445860,445860
445859,445859
445858,445858
445857,445857
445856,445856
445855,445855
445854,445854
445853,445853
445852,445852
445851,445851
445850,445850
445849,445849
445848,445848
445847,445847
445846,445846
445845,445845
445844,445844
445843,445843
445842,445842
445841,445841
445840,445840
445839,445839
445838,445838
445837,445837
445836,445836
445835,445835
445834,445834
445833,445833
445832,445832
445831,445831
445830,445830
445829,445829
445828,445828
445827,445827
445826,445826
445825,445825
445824,445824
445823,445823
445822,445822
445821,445821
445820,445820
445819,445819
445818,445818
445817,445817
445816,445816
445815,445815
445814,445814
445813,445813
445812,445812
445811,445811
445810,445810
445809,445809
445808,445808
445807,445807
445806,445806
445805,445805
445804,445804
445803,445803
445802,445802
445801,445801
445800,445800
445799,445799
445798,445798
445797,445797
445796,445796
445795,445795
445794,445794
445793,445793
445792,445792
445791,445791
445790,445790
445789,445789
445788,445788
445787,445787
445786,445786
445785,445785
445784,445784
445783,445783
445782,445782
445781,445781
445780,445780
445778,445778
445777,445777
445776,445776
445774,445774
445773,445773
445772,445772
445771,445771
445770,445770
445769,445769
445768,445768
445767,445767
445766,445766
445765,445765
445764,445764
445763,445763
445762,445762
445761,445761
445760,445760
445759,445759
445758,445758
445757,445757
445756,445756
445755,445755
445754,445754
445753,445753
445752,445752
445751,445751
445750,445750
445749,445749
445748,445748
445747,445747
445746,445746
445745,445745
445744,445744
445743,445743
445742,445742
445741,445741
445740,445740
445739,445739
445738,445738
445737,445737
445736,445736
445735,445735
445734,445734
445733,445733
445732,445732
445731,445731
445730,445730
445729,445729
445727,445727
445726,445726
445725,445725
445724,445724
445723,445723
445722,445722
445721,445721
445720,445720
445719,445719
445718,445718
445717,445717
445716,445716
445715,445715
445714,445714
445713,445713
445712,445712
445711,445711
445710,445710
445709,445709
445708,445708
445707,445707
445706,445706
445705,445705
445704,445704
445703,445703
445702,445702
445701,445701
445700,445700
445699,445699
445698,445698
445697,445697
445696,445696
445695,445695
445694,445694
445693,445693
445692,445692
445691,445691
445686,445686
445684,445684
445680,445680
445679,445679
445678,445678
445677,445677
445676,445676
445675,445675
445674,445674
445673,445673
445670,445670
445669,445669
445668,445668
445665,445665
445664,445664
445663,445663
445662,445662
445661,445661
445660,445660
445659,445659
445658,445658
445656,445656
445655,445655
445654,445654
445653,445653
445652,445652
445651,445651
445650,445650
445648,445648
445647,445647
445646,445646
445645,445645
445644,445644
445643,445643
445642,445642
445641,445641
445640,445640
445639,445639
445638,445638
445612,445612
445599,445599
445598,445598
445597,445597
445596,445596
445594,445594
445593,445593
445592,445592
445591,445591
445590,445590
445582,445582
445581,445581
445580,445580
445579,445579
445578,445578
445577,445577
445576,445576
445575,445575
445574,445574
445573,445573
445572,445572
445571,445571
445570,445570
445569,445569
445568,445568
445567,445567
445566,445566
445565,445565
445564,445564
445563,445563
445562,445562
445561,445561
445560,445560
445559,445559
445558,445558
445557,445557
445556,445556
445555,445555
445554,445554
445553,445553
445552,445552
445551,445551
445550,445550
445549,445549
445548,445548
445547,445547
445546,445546
445545,445545
445544,445544
445543,445543
445542,445542
445541,445541
445540,445540
445539,445539
445538,445538
445537,445537
445536,445536
445535,445535
445534,445534
445533,445533
445532,445532
445531,445531
445530,445530
445529,445529
445528,445528
445527,445527
445526,445526
445525,445525
445524,445524
445523,445523
445522,445522
445521,445521
445520,445520
445519,445519
445518,445518
445517,445517
445516,445516
445515,445515
445514,445514
445513,445513
445512,445512
445511,445511
445510,445510
445509,445509
445508,445508
445507,445507
445506,445506
445505,445505
445504,445504
445503,445503
445502,445502
445501,445501
445500,445500
445499,445499
445498,445498
445497,445497
445496,445496
445495,445495
445494,445494
445493,445493
445492,445492
445491,445491
445490,445490
445488,445488
445487,445487
445485,445485
445484,445484
445483,445483
445482,445482
445481,445481
445480,445480
445479,445479
445478,445478
445477,445477
445476,445476
445475,445475
445474,445474
445473,445473
445472,445472
445471,445471
445470,445470
445469,445469
445468,445468
445467,445467
445466,445466
445465,445465
445464,445464
445463,445463
445462,445462
445461,445461
445460,445460
445459,445459
445458,445458
445457,445457
445456,445456
445455,445455
445454,445454
445453,445453
445452,445452
445451,445451
445450,445450
445449,445449
445448,445448
445447,445447
445446,445446
445438,445438
445437,445437
445436,445436
445435,445435
445434,445434
445433,445433
445432,445432
445431,445431
445430,445430
445429,445429
445428,445428
445427,445427
445426,445426
445425,445425
445424,445424
445423,445423
445422,445422
445421,445421
445420,445420
445419,445419
445418,445418
445417,445417
445416,445416
445415,445415
445413,445413
445412,445412
445411,445411
445410,445410
445409,445409
445408,445408
445407,445407
445406,445406
445405,445405
445404,445404
445403,445403
445402,445402
445399,445399
445397,445397
445396,445396
445395,445395
445391,445391
445390,445390
445389,445389
445388,445388
445387,445387
445386,445386
445385,445385
445384,445384
445381,445381
445380,445380
445379,445379
445378,445378
445377,445377
445375,445375
445374,445374
445373,445373
445372,445372
445371,445371
445370,445370
445369,445369
445368,445368
445367,445367
445366,445366
445365,445365
445363,445363
445362,445362
445358,445358
445356,445356
445354,445354
445353,445353
445352,445352
445351,445351
445350,445350
445349,445349
445339,445339
445338,445338
445337,445337
445336,445336
445335,445335
445334,445334
445333,445333
445332,445332
445331,445331
445330,445330
445328,445328
445327,445327
445326,445326
445325,445325
445324,445324
445323,445323
445322,445322
445321,445321
445320,445320
445316,445316
445312,445312
445309,445309
445306,445306
445305,445305
445304,445304
445303,445303
445302,445302
445300,445300
445299,445299
445296,445296
445294,445294
445293,445293
445292,445292
445266,445266
445255,445255
445236,445236
445234,445234
445233,445233
445231,445231
445227,445227
445226,445226
445225,445225
445223,445223
445221,445221
445220,445220
445219,445219
445213,445213
445209,445209
445208,445208
445207,445207
445206,445206
445204,445204
445203,445203
445011,445011
445010,445010
445009,445009
445007,445007
445006,445006
445005,445005
445003,445003
445001,445001
443199,443199
443198,443198
443197,443197
443196,443196
443195,443195
443194,443194
443193,443193
443192,443192
443191,443191
443190,443190
443189,443189
443188,443188
443187,443187
443186,443186
443185,443185
443184,443184
443183,443183
443182,443182
443181,443181
443180,443180
443179,443179
443178,443178
443177,443177
443176,443176
443175,443175
443174,443174
443173,443173
443172,443172
443171,443171
443170,443170
443169,443169
443168,443168
443167,443167
443166,443166
443165,443165
443164,443164
443163,443163
443162,443162
443161,443161
443160,443160
443159,443159
443158,443158
443157,443157
443156,443156
443155,443155
443154,443154
443153,443153
443152,443152
443151,443151
443150,443150
443149,443149
443148,443148
443147,443147
443146,443146
443145,443145
443144,443144
443143,443143
443142,443142
443141,443141
443140,443140
443138,443138
443137,443137
443136,443136
443135,443135
443134,443134
443133,443133
443132,443132
443131,443131
443130,443130
443129,443129
443127,443127
443126,443126
443125,443125
443124,443124
443123,443123
443122,443122
443121,443121
443120,443120
443119,443119
443118,443118
443117,443117
443116,443116
443114,443114
443113,443113
443112,443112
443111,443111
443110,443110
443109,443109
443108,443108
443107,443107
443106,443106
443105,443105
443104,443104
443103,443103
443102,443102
443101,443101
443100,443100
443099,443099
443098,443098
443097,443097
443096,443096
443095,443095
443094,443094
443092,443092
443091,443091
443090,443090
443089,443089
443088,443088
443087,443087
443086,443086
443085,443085
443084,443084
443083,443083
443082,443082
443081,443081
443080,443080
443079,443079
443078,443078
443077,443077
443076,443076
443075,443075
443074,443074
443073,443073
443072,443072
443071,443071
443070,443070
443069,443069
443068,443068
443067,443067
443066,443066
443065,443065
443064,443064
443063,443063
443062,443062
443061,443061
443060,443060
443059,443059
443058,443058
443057,443057
443056,443056
443055,443055
443054,443054
443053,443053
443052,443052
443051,443051
443050,443050
443049,443049
443048,443048
443047,443047
443046,443046
443045,443045
443044,443044
443043,443043
443042,443042
443041,443041
443040,443040
443039,443039
443038,443038
443037,443037
443036,443036
443035,443035
443034,443034
443033,443033
443032,443032
443031,443031
443030,443030
443029,443029
443028,443028
443027,443027
443026,443026
443025,443025
443024,443024
443023,443023
443022,443022
443021,443021
443020,443020
443019,443019
443018,443018
443017,443017
443016,443016
443015,443015
443014,443014
443013,443013
443012,443012
443011,443011
443010,443010
443009,443009
443008,443008
443007,443007
443006,443006
443005,443005
443004,443004
443003,443003
443002,443002
443001,443001
443000,443000
442917,442917
442916,442916
442915,442915
442914,442914
442913,442913
442912,442912
442910,442910
442909,442909
442908,442908
442907,442907
442906,442906
442905,442905
442904,442904
442903,442903
442902,442902
442901,442901
442900,442900
442396,442396
442395,442395
442394,442394
442393,442393
442392,442392
442391,442391
442390,442390
442389,442389
442388,442388
442387,442387
442386,442386
442385,442385
442384,442384
442383,442383
442382,442382
442381,442381
442380,442380
442379,442379
442378,442378
442377,442377
442376,442376
442375,442375
442374,442374
442373,442373
442372,442372
442371,442371
442370,442370
442369,442369
442368,442368
442367,442367
442366,442366
442365,442365
442364,442364
442363,442363
442362,442362
442361,442361
442360,442360
442359,442359
442358,442358
442357,442357
442356,442356
442355,442355
442354,442354
442353,442353
442352,442352
442351,442351
442350,442350
442349,442349
442348,442348
442347,442347
442346,442346
442345,442345
442344,442344
442343,442343
442342,442342
442341,442341
442340,442340
442339,442339
442338,442338
442335,442335
442334,442334
442333,442333
442332,442332
442331,442331
442330,442330
442329,442329
442328,442328
442327,442327
442326,442326
442325,442325
442324,442324
442323,442323
442322,442322
442321,442321
442320,442320
442319,442319
442318,442318
442317,442317
442316,442316
442315,442315
442314,442314
442313,442313
442312,442312
442311,442311
442310,442310
442309,442309
442308,442308
442307,442307
442306,442306
442305,442305
442304,442304
442303,442303
442302,442302
442301,442301
442300,442300
442299,442299
442298,442298
442297,442297
442296,442296
442295,442295
442294,442294
442293,442293
442292,442292
442291,442291
442290,442290
442289,442289
442288,442288
442287,442287
442286,442286
442285,442285
442284,442284
442283,442283
442282,442282
442281,442281
442280,442280
442279,442279
442278,442278
442277,442277
442276,442276
442275,442275
442274,442274
442273,442273
442272,442272
442271,442271
442270,442270
442269,442269
442266,442266
442265,442265
442264,442264
442263,442263
442262,442262
442261,442261
442259,442259
442258,442258
442257,442257
442256,442256
442255,442255
442254,442254
442253,442253
442252,442252
442251,442251
442250,442250
442249,442249
442248,442248
442247,442247
442246,442246
442245,442245
442244,442244
442243,442243
442242,442242
442241,442241
442240,442240
442239,442239
442238,442238
442237,442237
442236,442236
442235,442235
442234,442234
442232,442232
442231,442231
442230,442230
442229,442229
442228,442228
442227,442227
442226,442226
442225,442225
442224,442224
442223,442223
442222,442222
442221,442221
442220,442220
442219,442219
442218,442218
442217,442217
442216,442216
442215,442215
442214,442214
442213,442213
442212,442212
442211,442211
442210,442210
442209,442209
442208,442208
442207,442207
442206,442206
442205,442205
442204,442204
442203,442203
442202,442202
442201,442201
442200,442200
442199,442199
442198,442198
442197,442197
442196,442196
442185,442185
442184,442184
442183,442183
442182,442182
442181,442181
442180,442180
442179,442179
442178,442178
442177,442177
442176,442176
442175,442175
442174,442174
442173,442173
442172,442172
442171,442171
442170,442170
442169,442169
442168,442168
442167,442167
442166,442166
442165,442165
442164,442164
442163,442163
442162,442162
442161,442161
442160,442160
442159,442159
442158,442158
442157,442157
442156,442156
442155,442155
442154,442154
442153,442153
442152,442152
442151,442151
442150,442150
442149,442149
442148,442148
442147,442147
442144,442144
442143,442143
442142,442142
442141,442141
442140,442140
442139,442139
442138,442138
442137,442137
442136,442136
442135,442135
442134,442134
442133,442133
442132,442132
442131,442131
442130,442130
442129,442129
442128,442128
442127,442127
442126,442126
442125,442125
442124,442124
442123,442123
442122,442122
442121,442121
442120,442120
442119,442119
442118,442118
442117,442117
442116,442116
442115,442115
442114,442114
442113,442113
442112,442112
442111,442111
442110,442110
442109,442109
442108,442108
442107,442107
442106,442106
442105,442105
442104,442104
442103,442103
442102,442102
442101,442101
442100,442100
442099,442099
442098,442098
442097,442097
442096,442096
442095,442095
442094,442094
442093,442093
442092,442092
442091,442091
442090,442090
442089,442089
442088,442088
442087,442087
442086,442086
442085,442085
442084,442084
442083,442083
442082,442082
442081,442081
442080,442080
442079,442079
442078,442078
442077,442077
442076,442076
442075,442075
442074,442074
442073,442073
442072,442072
442071,442071
442070,442070
442069,442069
442068,442068
442067,442067
442066,442066
442065,442065
442064,442064
442063,442063
442062,442062
442061,442061
442060,442060
442059,442059
442058,442058
442057,442057
442056,442056
442055,442055
442054,442054
442053,442053
442052,442052
442051,442051
442050,442050
442049,442049
442048,442048
442047,442047
442046,442046
442045,442045
442044,442044
442043,442043
442042,442042
442041,442041
442040,442040
442039,442039
442038,442038
442037,442037
442036,442036
442035,442035
442034,442034
442033,442033
442032,442032
442031,442031
442030,442030
442029,442029
442028,442028
442027,442027
442026,442026
442025,442025
442024,442024
442023,442023
442022,442022
442021,442021
442020,442020
442019,442019
442018,442018
442017,442017
442016,442016
442015,442015
442014,442014
442013,442013
442012,442012
442011,442011
442010,442010
442009,442009
442008,442008
442007,442007
442006,442006
442005,442005
442004,442004
442003,442003
442002,442002
442001,442001
442000,442000
400995,400995
400994,400994
400365,400365
400362,400362
400361,400361
400353,400353
400352,400352
400351,400351
400348,400348
400346,400346
400341,400341
400334,400334
400328,400328
400327,400327
400326,400326
400322,400322
400317,400317
400309,400309
400305,400305
400257,400257
271853,271853
271852,271852
271851,271851
271850,271850
271849,271849
271848,271848
271847,271847
271846,271846
271845,271845
271844,271844
271843,271843
271842,271842
271841,271841
271840,271840
271839,271839
271838,271838
271837,271837
271836,271836
271835,271835
271834,271834
271833,271833
271832,271832
271831,271831
271830,271830
271829,271829
271828,271828
271827,271827
271826,271826
271825,271825
271824,271824
271823,271823
271822,271822
271821,271821
271820,271820
271819,271819
271818,271818
271817,271817
271816,271816
271815,271815
271814,271814
271813,271813
271812,271812
271811,271811
271810,271810
271809,271809
271808,271808
271807,271807
271806,271806
271805,271805
271804,271804
271803,271803
271802,271802
271801,271801
271800,271800
270062,270062
270061,270061
270060,270060
270059,270059
270058,270058
270057,270057
270056,270056
270055,270055
270054,270054
270053,270053
270052,270052
270051,270051
270050,270050
270049,270049
270048,270048
270047,270047
270046,270046
270045,270045
270044,270044
270043,270043
270042,270042
270041,270041
270040,270040
270039,270039
270038,270038
270037,270037
270036,270036
270035,270035
270034,270034
270033,270033
270032,270032
270031,270031
270030,270030
270029,270029
270028,270028
270027,270027
270026,270026
270025,270025
270024,270024
270023,270023
270022,270022
270021,270021
270020,270020
270019,270019
270018,270018
270017,270017
270016,270016
270015,270015
270014,270014
270013,270013
270012,270012
270011,270011
270010,270010
270009,270009
270008,270008
270007,270007
270006,270006
270005,270005
270004,270004
270003,270003
270002,270002
270001,270001
270000,270000
269723,269723
269722,269722
269721,269721
269720,269720
269719,269719
269699,269699
269697,269697
269696,269696
269694,269694
269685,269685
269679,269679
269677,269677
269672,269672
269671,269671
269670,269670
269668,269668
269667,269667
269666,269666
269665,269665
269662,269662
269661,269661
269660,269660
269659,269659
269658,269658
269650,269650
269646,269646
269627,269627
269626,269626
269625,269625
269624,269624
269623,269623
269620,269620
269618,269618
269617,269617
269614,269614
269613,269613
269612,269612
269611,269611
269610,269610
269609,269609
269608,269608
269607,269607
269606,269606
269514,269514
269513,269513
269512,269512
269511,269511
269510,269510
269508,269508
269507,269507
269506,269506
269501,269501
269500,269500
269487,269487
269485,269485
269484,269484
269483,269483
269482,269482
269481,269481
269480,269480
269479,269479
269478,269478
269477,269477
269476,269476
269475,269475
269474,269474
269473,269473
269472,269472
269471,269471
269470,269470
269469,269469
269468,269468
269467,269467
269466,269466
269465,269465
269464,269464
269463,269463
269462,269462
269461,269461
269459,269459
269458,269458
269457,269457
269456,269456
269455,269455
269454,269454
269453,269453
269452,269452
269450,269450
269449,269449
269448,269448
269447,269447
269445,269445
269444,269444
269443,269443
269442,269442
269406,269406
269405,269405
269404,269404
269403,269403
269402,269402
269401,269401
269400,269400
269399,269399
269398,269398
269397,269397
269396,269396
269395,269395
269393,269393
269392,269392
269391,269391
269390,269390
269389,269389
269388,269388
269387,269387
269386,269386
269385,269385
269384,269384
269383,269383
269382,269382
269381,269381
269380,269380
269379,269379
269378,269378
269377,269377
269376,269376
269375,269375
269374,269374
269373,269373
269372,269372
269371,269371
269370,269370
269369,269369
269368,269368
269367,269367
269366,269366
269365,269365
269364,269364
269363,269363
269362,269362
269361,269361
269360,269360
269359,269359
269358,269358
269353,269353
269352,269352
269351,269351
269350,269350
269348,269348
269345,269345
269341,269341
269340,269340
269339,269339
269338,269338
269337,269337
269336,269336
269335,269335
269334,269334
269333,269333
269331,269331
269330,269330
269329,269329
269328,269328
269327,269327
269326,269326
269325,269325
269324,269324
269322,269322
269321,269321
269320,269320
269319,269319
269318,269318
269317,269317
269316,269316
269308,269308
269307,269307
269306,269306
269305,269305
269304,269304
269303,269303
269302,269302
269299,269299
269298,269298
269297,269297
269296,269296
269295,269295
269294,269294
269286,269286
269285,269285
269284,269284
269283,269283
269282,269282
269281,269281
269280,269280
269279,269279
269278,269278
269277,269277
269276,269276
269275,269275
269274,269274
269273,269273
269272,269272
269271,269271
269270,269270
269263,269263
269260,269260
269259,269259
269245,269245
269244,269244
269243,269243
269242,269242
269241,269241
269240,269240
269239,269239
269238,269238
269237,269237
269236,269236
269235,269235
269228,269228
269227,269227
269225,269225
269223,269223
269222,269222
269221,269221
269220,269220
269219,269219
269218,269218
269217,269217
269216,269216
269215,269215
269212,269212
269211,269211
269210,269210
269209,269209
269208,269208
269207,269207
269189,269189
269188,269188
269186,269186
269185,269185
269184,269184
269183,269183
269182,269182
269181,269181
269178,269178
269177,269177
269176,269176
269175,269175
269174,269174
269172,269172
269171,269171
269170,269170
269169,269169
269168,269168
269167,269167
269166,269166
269164,269164
269163,269163
269162,269162
269161,269161
269154,269154
269150,269150
269149,269149
269148,269148
269147,269147
269146,269146
269139,269139
269134,269134
269132,269132
269129,269129
269128,269128
269127,269127
269126,269126
269125,269125
269124,269124
269123,269123
269122,269122
269121,269121
269120,269120
269119,269119
269118,269118
269116,269116
269115,269115
269114,269114
269113,269113
269112,269112
269110,269110
269107,269107
269106,269106
269105,269105
269104,269104
269103,269103
269102,269102
269101,269101
269100,269100
269099,269099
269098,269098
269097,269097
269095,269095
269094,269094
269091,269091
269090,269090
269089,269089
269088,269088
269086,269086
269085,269085
269084,269084
269083,269083
269082,269082
269081,269081
269080,269080
269078,269078
269077,269077
269076,269076
269075,269075
269066,269066
269065,269065
269064,269064
269062,269062
269061,269061
269060,269060
269053,269053
269052,269052
269051,269051
269050,269050
269049,269049
269048,269048
269047,269047
269044,269044
269043,269043
269042,269042
269041,269041
269040,269040
269038,269038
269033,269033
269032,269032
269031,269031
269030,269030
269029,269029
269027,269027
269026,269026
269025,269025
269024,269024
269023,269023
269022,269022
269021,269021
269019,269019
269018,269018
269017,269017
269015,269015
269014,269014
269013,269013
269012,269012
269011,269011
269010,269010
269009,269009
269008,269008
269007,269007
269006,269006
269003,269003
269001,269001
268998,268998
268997,268997
268996,268996
268994,268994
268993,268993
268992,268992
268991,268991
268990,268990
268989,268989
268988,268988
268987,268987
268986,268986
268985,268985
268984,268984
268983,268983
268981,268981
268980,268980
268979,268979
268978,268978
268977,268977
268976,268976
268975,268975
268974,268974
268973,268973
268971,268971
268970,268970
268969,268969
268968,268968
268967,268967
268966,268966
268965,268965
268964,268964
268963,268963
268962,268962
268961,268961
268960,268960
268959,268959
268958,268958
268957,268957
268956,268956
268955,268955
268953,268953
268952,268952
268951,268951
268950,268950
268949,268949
268948,268948
268947,268947
268946,268946
268945,268945
268944,268944
268943,268943
268941,268941
268940,268940
268939,268939
268938,268938
268937,268937
268934,268934
268933,268933
268932,268932
268931,268931
268930,268930
268929,268929
268928,268928
268927,268927
268925,268925
268923,268923
268922,268922
268920,268920
268919,268919
268918,268918
268917,268917
268916,268916
268915,268915
268914,268914
268912,268912
268910,268910
268909,268909
268908,268908
268907,268907
268903,268903
268901,268901
268900,268900
268899,268899
268897,268897
268896,268896
268895,268895
268892,268892
268891,268891
268890,268890
268889,268889
268888,268888
268887,268887
268882,268882
268881,268881
268880,268880
268879,268879
268878,268878
268877,268877
268875,268875
268873,268873
268872,268872
268871,268871
268869,268869
268868,268868
268867,268867
268866,268866
268864,268864
268863,268863
268859,268859
268858,268858
268857,268857
268856,268856
268855,268855
268854,268854
268850,268850
268848,268848
268847,268847
268846,268846
268845,268845
268844,268844
268843,268843
268842,268842
268841,268841
268840,268840
268839,268839
268832,268832
268831,268831
268830,268830
268828,268828
268827,268827
268826,268826
268825,268825
268822,268822
268821,268821
268820,268820
268818,268818
268817,268817
268791,268791
268782,268782
268781,268781
268777,268777
268776,268776
268773,268773
268769,268769
268767,268767
268765,268765
268761,268761
268760,268760
268759,268759
268758,268758
268757,268757
268756,268756
268755,268755
268730,268730
268728,268728
268712,268712
268710,268710
268709,268709
268701,268701
268693,268693
268681,268681
268673,268673
268670,268670
268669,268669
268668,268668
268623,268623
268622,268622
268621,268621
268620,268620
268619,268619
268618,268618
268617,268617
268615,268615
268614,268614
268613,268613
268612,268612
268611,268611
268610,268610
268609,268609
268608,268608
268607,268607
268606,268606
268605,268605
268604,268604
268603,268603
268602,268602
268601,268601
268600,268600
268599,268599
268598,268598
268597,268597
268596,268596
268595,268595
268594,268594
268593,268593
268592,268592
268591,268591
268590,268590
268589,268589
268588,268588
268587,268587
268586,268586
268585,268585
268584,268584
268583,268583
268580,268580
268579,268579
268578,268578
268577,268577
268576,268576
268575,268575
268574,268574
268573,268573
268572,268572
268571,268571
268570,268570
268569,268569
268568,268568
268567,268567
268566,268566
268565,268565
268563,268563
268561,268561
268559,268559
268558,268558
268557,268557
268556,268556
268555,268555
268554,268554
268553,268553
268549,268549
268547,268547
268546,268546
268541,268541
268540,268540
268539,268539
268538,268538
268537,268537
268536,268536
268534,268534
268533,268533
268532,268532
268531,268531
268530,268530
268529,268529
268528,268528
268527,268527
268526,268526
268517,268517
268511,268511
268504,268504
268501,268501
268499,268499
268498,268498
268497,268497
268496,268496
268495,268495
268494,268494
268493,268493
268480,268480
268474,268474
268471,268471
268447,268447
268444,268444
268428,268428
268408,268408
268407,268407
268406,268406
268399,268399
268398,268398
268396,268396
268394,268394
268391,268391
268389,268389
268388,268388
268381,268381
268179,268179
268178,268178
268177,268177
268176,268176
268175,268175
268174,268174
268160,268160
268159,268159
268158,268158
268157,268157
268145,268145
268143,268143
268142,268142
268141,268141
268140,268140
268119,268119
268117,268117
268114,268114
268113,268113
268109,268109
268102,268102
268097,268097
268096,268096
268095,268095
268088,268088
268067,268067
268062,268062
268043,268043
268039,268039
268009,268009
268005,268005
268004,268004
268003,268003
268002,268002
265008,265008
265007,265007
265004,265004
264903,264903
264876,264876
264875,264875
264813,264813
264799,264799
264797,264797
264732,264732
264635,264635
264621,264621
264531,264531
264526,264526
264517,264517
264509,264509
264508,264508
263413,263413
263410,263410
263407,263407
263404,263404
263403,263403
263390,263390
263385,263385
258602,258602
258600,258600
258534,258534
258532,258532
258531,258531
258528,258528
257004,257004
255992,255992
255991,255991
255990,255990
255988,255988
255785,255785
255355,255355
255126,255126
255125,255125
254725,254725
254658,254658
254478,254478
254202,254202
253904,253904
251245,251245
251244,251244
251021,251021
250956,250956
250815,250815
250765,250765
250764,250764
250763,250763
250654,250654
250637,250637
250630,250630
250629,250629
250628,250628
250627,250627
250621,250621
250608,250608
250607,250607
250606,250606
250605,250605
250603,250603
250601,250601
250593,250593
250590,250590
250589,250589
250576,250576
250563,250563
250558,250558
250555,250555
250554,250554
250469,250469
250463,250463
250462,250462
250458,250458
250455,250455
250421,250421
250380,250380
250379,250379
250304,250304
250257,250257
250231,250231
250219,250219
157875,157875
157874,157874
157873,157873
13710,13710
13709,13709
12779,12779
90003,090003
84006,084006
84005,084005
84004,084004
84003,084003
84002,084002
84001,084001
79963,079963
79962,079962
79961,079961
79960,079960
79959,079959
79958,079958
79957,079957
79956,079956
79955,079955
79954,079954
77654,077654
77649,077649
77648,077648
77647,077647
77645,077645
77644,077644
77643,077643
77641,077641
77640,077640
77522,077522
77521,077521
77520,077520
77519,077519
77517,077517
77515,077515
77511,077511
77510,077510
77509,077509
77508,077508
77504,077504
77180,077180
76541,076541
76526,076526
76525,076525
76521,076521
76518,076518
76516,076516
76515,076515
76510,076510
76505,076505
76031,076031
76030,076030
76029,076029
76028,076028
76018,076018
75204,075204
75203,075203
75202,075202
75201,075201
75200,075200
75199,075199
75176,075176
75165,075165
75163,075163
75162,075162
75161,075161
75158,075158
75153,075153
75150,075150
75147,075147
75144,075144
75050,075050
75049,075049
75047,075047
74738,074738
74736,074736
74724,074724
74722,074722
74720,074720
74714,074714
74712,074712
74710,074710
74708,074708
74706,074706
74704,074704
74650,074650
74646,074646
74614,074614
74612,074612
74606,074606
74604,074604
74522,074522
74321,074321
74320,074320
74312,074312
74309,074309
74308,074308
74305,074305
74300,074300
74287,074287
74286,074286
74285,074285
74282,074282
74279,074279
74278,074278
74275,074275
74274,074274
74273,074273
74272,074272
74270,074270
74269,074269
74266,074266
74265,074265
74264,074264
74263,074263
74262,074262
74261,074261
74260,074260
74259,074259
74258,074258
74257,074257
74256,074256
74255,074255
74253,074253
74252,074252
74251,074251
74247,074247
74246,074246
74245,074245
74242,074242
74241,074241
74240,074240
74238,074238
74237,074237
74236,074236
74235,074235
74234,074234
74233,074233
74232,074232
74231,074231
74230,074230
74229,074229
74228,074228
74227,074227
74225,074225
74223,074223
74221,074221
74219,074219
74218,074218
74217,074217
74216,074216
74215,074215
74214,074214
74213,074213
74212,074212
74211,074211
74210,074210
74209,074209
74208,074208
74207,074207
74205,074205
74204,074204
74203,074203
74201,074201
74199,074199
74198,074198
74197,074197
74194,074194
74192,074192
74191,074191
74190,074190
74188,074188
74187,074187
74186,074186
74184,074184
74183,074183
74182,074182
74181,074181
74180,074180
74179,074179
74178,074178
74177,074177
74176,074176
74175,074175
74174,074174
74173,074173
74172,074172
74171,074171
74170,074170
74169,074169
74168,074168
74167,074167
74166,074166
74165,074165
74164,074164
74161,074161
74159,074159
74158,074158
74157,074157
74155,074155
74154,074154
74153,074153
74152,074152
74151,074151
74150,074150
74149,074149
74148,074148
74147,074147
74146,074146
74145,074145
74144,074144
74143,074143
74139,074139
74138,074138
74137,074137
74136,074136
74135,074135
74134,074134
74133,074133
74131,074131
74130,074130
74129,074129
74128,074128
74127,074127
74126,074126
74125,074125
74124,074124
74123,074123
74122,074122
74121,074121
74120,074120
74119,074119
74118,074118
74117,074117
74116,074116
74115,074115
74114,074114
74113,074113
74112,074112
74111,074111
74110,074110
74108,074108
74107,074107
74106,074106
74105,074105
74104,074104
74103,074103
74102,074102
74101,074101
74100,074100
74099,074099
74098,074098
74097,074097
74096,074096
74094,074094
74093,074093
74092,074092
74091,074091
74090,074090
74089,074089
74088,074088
74087,074087
74086,074086
74085,074085
74084,074084
74083,074083
74082,074082
74081,074081
74080,074080
74079,074079
74077,074077
74076,074076
74075,074075
74074,074074
74073,074073
74072,074072
74071,074071
74070,074070
74069,074069
74068,074068
74067,074067
74066,074066
74065,074065
74064,074064
74063,074063
74062,074062
74061,074061
74060,074060
74058,074058
74057,074057
74056,074056
74055,074055
74054,074054
74053,074053
74052,074052
74051,074051
74050,074050
74049,074049
74048,074048
74047,074047
74046,074046
74045,074045
74044,074044
74043,074043
74042,074042
74041,074041
74040,074040
74039,074039
74038,074038
74037,074037
74036,074036
74035,074035
74034,074034
74033,074033
74032,074032
74031,074031
74030,074030
74029,074029
74028,074028
74027,074027
74025,074025
74024,074024
74023,074023
74022,074022
74021,074021
74020,074020
74019,074019
74018,074018
74017,074017
74016,074016
74015,074015
74014,074014
74013,074013
74012,074012
74011,074011
74010,074010
74009,074009
74008,074008
74007,074007
74006,074006
74005,074005
74003,074003
73999,073999
73998,073998
73997,073997
73996,073996
73995,073995
73994,073994
73993,073993
73992,073992
73991,073991
73990,073990
73989,073989
73987,073987
73986,073986
73985,073985
73984,073984
73983,073983
73982,073982
73981,073981
73980,073980
73979,073979
73978,073978
73977,073977
73976,073976
73975,073975
73974,073974
73973,073973
73972,073972
73971,073971
73970,073970
73969,073969
73968,073968
73967,073967
73966,073966
73965,073965
73964,073964
73963,073963
73962,073962
73961,073961
73960,073960
73959,073959
73958,073958
73957,073957
73956,073956
73955,073955
73954,073954
73953,073953
73952,073952
73951,073951
73950,073950
73949,073949
73948,073948
73947,073947
73946,073946
73945,073945
73944,073944
73943,073943
73942,073942
73941,073941
73940,073940
73939,073939
73938,073938
73937,073937
73936,073936
73935,073935
73934,073934
73933,073933
73932,073932
73931,073931
73930,073930
73929,073929
73928,073928
73927,073927
73926,073926
73925,073925
73924,073924
73923,073923
73922,073922
73921,073921
73920,073920
73917,073917
73914,073914
73913,073913
73912,073912
73911,073911
73910,073910
73909,073909
73908,073908
73907,073907
73906,073906
73905,073905
73904,073904
73903,073903
73902,073902
73901,073901
73900,073900
73899,073899
73898,073898
73897,073897
73896,073896
73895,073895
73894,073894
73893,073893
73892,073892
73891,073891
73890,073890
73889,073889
73888,073888
73887,073887
73886,073886
73885,073885
73884,073884
73883,073883
73882,073882
73881,073881
73880,073880
73879,073879
73878,073878
73877,073877
73876,073876
73875,073875
73874,073874
73873,073873
73872,073872
73871,073871
73870,073870
73869,073869
73868,073868
73867,073867
73866,073866
73865,073865
73864,073864
73863,073863
73862,073862
73861,073861
73858,073858
73857,073857
73856,073856
73855,073855
73854,073854
73853,073853
73852,073852
73850,073850
73846,073846
73845,073845
73844,073844
73843,073843
73842,073842
73841,073841
73840,073840
73839,073839
73838,073838
73837,073837
73836,073836
73835,073835
73834,073834
73833,073833
73831,073831
73829,073829
73828,073828
73827,073827
73826,073826
73824,073824
73823,073823
73822,073822
73818,073818
73797,073797
73795,073795
73794,073794
73578,073578
73577,073577
73572,073572
73554,073554
73550,073550
73463,073463
73462,073462
73460,073460
73387,073387
73379,073379
73345,073345
73249,073249
73245,073245
73241,073241
73240,073240
73020,073020
72278,072278
72275,072275
72272,072272
72271,072271
72267,072267
72264,072264
72245,072245
72169,072169
72167,072167
72166,072166
72164,072164
72163,072163
72161,072161
72160,072160
72159,072159
72148,072148
72147,072147
72140,072140
72122,072122
72112,072112
72042,072042
72038,072038
71298,071298
71295,071295
71293,071293
71291,071291
71289,071289
71287,071287
66003,066003
66002,066002
65115,065115
65114,065114
65113,065113
65112,065112
65111,065111
65110,065110
65107,065107
65106,065106
65105,065105
65104,065104
65103,065103
65102,065102
65101,065101
65100,065100
65006,065006
65005,065005
65004,065004
65003,065003
65002,065002
65001,065001
65000,065000
63168,063168
63167,063167
63166,063166
63165,063165
63164,063164
63163,063163
63155,063155
63154,063154
63153,063153
63152,063152
63151,063151
63150,063150
63149,063149
63148,063148
63147,063147
63146,063146
63144,063144
63143,063143
63141,063141
63140,063140
63139,063139
63138,063138
63137,063137
63130,063130
63129,063129
63128,063128
63127,063127
63126,063126
63125,063125
63124,063124
63123,063123
63122,063122
63121,063121
63120,063120
63119,063119
63118,063118
63117,063117
63116,063116
63107,063107
63086,063086
63085,063085
63084,063084
63083,063083
63081,063081
63080,063080
63079,063079
63078,063078
63026,063026
63021,063021
63020,063020
63019,063019
63018,063018
63017,063017
63016,063016
63015,063015
63014,063014
63012,063012
63011,063011
63009,063009
63007,063007
63006,063006
63005,063005
63004,063004
63003,063003
63001,063001
60011,060011
60010,060010
60009,060009
60008,060008
60007,060007
60006,060006
60005,060005
60004,060004
60003,060003
60002,060002
60001,060001
60000,060000
56711,056711
29560,029560
29559,029559
29558,029558
29557,029557
29556,029556
29555,029555
29554,029554
29442,029442
910686,010686
910682,010682
910654,010654
110,009543
9033,009033
9030,009030
9028,009028
9027,009027
9026,009026
9022,009022
9021,009021
9020,009020
9019,009019
9018,009018
9017,009017
9015,009015
9010,009010
9008,009008
9005,009005
9004,009004
9002,009002
8004,008004
8003,008003
8002,008002
8000,008000
7999,007999
7998,007998
7997,007997
7996,007996
7995,007995
7994,007994
7990,007990
7989,007989
7988,007988
7987,007987
7986,007986
7979,007979
7978,007978
7971,007971
7970,007970
7965,007965
7963,007963
7962,007962
7961,007961
7953,007953
7941,007941
7933,007933
7927,007927
7919,007919
7917,007917
7916,007916
7915,007915
7914,007914
7913,007913
7875,007875
7874,007874
7873,007873
7872,007872
7871,007871
7870,007870
7869,007869
7868,007868
7867,007867
7866,007866
7865,007865
7864,007864
7863,007863
7861,007861
7860,007860
7859,007859
7858,007858
7857,007857
7855,007855
7854,007854
7853,007853
7852,007852
7851,007851
7850,007850
7848,007848
7845,007845
7844,007844
7843,007843
7842,007842
7841,007841
7840,007840
7839,007839
7838,007838
7837,007837
7836,007836
7835,007835
7834,007834
7833,007833
7832,007832
7831,007831
7830,007830
7829,007829
7828,007828
7827,007827
7826,007826
7825,007825
7823,007823
7822,007822
7820,007820
7819,007819
7818,007818
7817,007817
7816,007816
7815,007815
7814,007814
7813,007813
7809,007809
7808,007808
7807,007807
7806,007806
7805,007805
7804,007804
7803,007803
7802,007802
7801,007801
7800,007800
7799,007799
7798,007798
7797,007797
7796,007796
7795,007795
7794,007794
7793,007793
7792,007792
7791,007791
7790,007790
7789,007789
7788,007788
7787,007787
7786,007786
7785,007785
7784,007784
7783,007783
7781,007781
7780,007780
7777,007777
7776,007776
7775,007775
7774,007774
7773,007773
7772,007772
7771,007771
7770,007770
7769,007769
7768,007768
7767,007767
7766,007766
7765,007765
7764,007764
7763,007763
7762,007762
7761,007761
7760,007760
7759,007759
7758,007758
7757,007757
7756,007756
7755,007755
7754,007754
7753,007753
7752,007752
7751,007751
7750,007750
7749,007749
7748,007748
7747,007747
7745,007745
7743,007743
7742,007742
7730,007730
7729,007729
7728,007728
7727,007727
7726,007726
7721,007721
7718,007718
7717,007717
7713,007713
7710,007710
7705,007705
7704,007704
7702,007702
7701,007701
7696,007696
7694,007694
7693,007693
7691,007691
7690,007690
7689,007689
7688,007688
7687,007687
7686,007686
7685,007685
7684,007684
7683,007683
7682,007682
7681,007681
7680,007680
7679,007679
7678,007678
7677,007677
7676,007676
7675,007675
7672,007672
7671,007671
7670,007670
7668,007668
7666,007666
7662,007662
7660,007660
7656,007656
7652,007652
7648,007648
7647,007647
7646,007646
7645,007645
7644,007644
7643,007643
7642,007642
7641,007641
7640,007640
7639,007639
7638,007638
7637,007637
7636,007636
7635,007635
7634,007634
7633,007633
7632,007632
7631,007631
7630,007630
7629,007629
7628,007628
7627,007627
7626,007626
7625,007625
7624,007624
7614,007614
7613,007613
7612,007612
7609,007609
7606,007606
7602,007602
7599,007599
7598,007598
7595,007595
7594,007594
7593,007593
7590,007590
7589,007589
7585,007585
7574,007574
7564,007564
7563,007563
7562,007562
7558,007558
7557,007557
7556,007556
7554,007554
7553,007553
7544,007544
7543,007543
7542,007542
7541,007541
7540,007540
7534,007534
7508,007508
7507,007507
7497,007497
7496,007496
7495,007495
7494,007494
7493,007493
7492,007492
7491,007491
7490,007490
7489,007489
7485,007485
7484,007484
7483,007483
7482,007482
7481,007481
7479,007479
7478,007478
7477,007477
7475,007475
7469,007469
7468,007468
7467,007467
7466,007466
7465,007465
7463,007463
7462,007462
7459,007459
7458,007458
7457,007457
7456,007456
7455,007455
7454,007454
7451,007451
7450,007450
7449,007449
7448,007448
7447,007447
7445,007445
7444,007444
7443,007443
7439,007439
7437,007437
7435,007435
7434,007434
7433,007433
7425,007425
7424,007424
7420,007420
7419,007419
7418,007418
7417,007417
7414,007414
7413,007413
7409,007409
7408,007408
7405,007405
7404,007404
7398,007398
7397,007397
7396,007396
7395,007395
7394,007394
7393,007393
7392,007392
7391,007391
7390,007390
7387,007387
7386,007386
7385,007385
7384,007384
7381,007381
7380,007380
7379,007379
7350,007350
7349,007349
7343,007343
7341,007341
7340,007340
7339,007339
7338,007338
7337,007337
7319,007319
7318,007318
7317,007317
7316,007316
7315,007315
7314,007314
7313,007313
7309,007309
7297,007297
7296,007296
7295,007295
7284,007284
7282,007282
7280,007280
7267,007267
7266,007266
7260,007260
7255,007255
7254,007254
7248,007248
7247,007247
7246,007246
7245,007245
7242,007242
7241,007241
7222,007222
7217,007217
7205,007205
7203,007203
7202,007202
7183,007183
7182,007182
7180,007180
7179,007179
7175,007175
7174,007174
7173,007173
7172,007172
7171,007171
7168,007168
7165,007165
7164,007164
7163,007163
7162,007162
7161,007161
7158,007158
7151,007151
7150,007150
7149,007149
7148,007148
7145,007145
7137,007137
7136,007136
7134,007134
7133,007133
7126,007126
7125,007125
7124,007124
7119,007119
7116,007116
7112,007112
7107,007107
7106,007106
7105,007105
7104,007104
7103,007103
7102,007102
7101,007101
7100,007100
7086,007086
7085,007085
7074,007074
7073,007073
7064,007064
7063,007063
7044,007044
7034,007034
7033,007033
7031,007031
7010,007010
7009,007009
6829,006829
6678,006678
6033,006033
6030,006030
5743,005743
836,000836
765,000765
763,000763
740,000740
728,000728
695,000695
689,000689
670,000670
657,000657
656,000656
653,000653
639,000639
631,000631
622,000622
621,000621
620,000620
618,000618
617,000617
609,000609
608,000608
603,000603
601,000601
596,000596
595,000595
592,000592
586,000586
576,000576
566,000566
564,000564
563,000563
551,000551
547,000547
546,000546
545,000545
543,000543
542,000542
522,000522
516,000516
515,000515
45,000118
999102,000102
46,000092
31,000088
150,000088
446216,446216
451374,451374
451394,451394
451395,451395
451407,451407
451429,451429
451430,451430
700702,700702
700703,700703
700704,700704
871482,ET8714827
871484,ET8714843
871486,ET871486K
871488,ET8714886
871487,ET8714878
442399,442399
871483,ET8714835
871493,ET8714932
451428,451428
451431,451431
451433,451433
700705,700705
700706,700706
700707,700707
442398,442398
442400,442400
442404,442404
451405,451405
700823,700823
871498,ET8714983
871499,ET8714991
447089,447089
701109,701109
701111,701111
447111,447111
451500,451500
451506,451506
451523,451523
447088,447088
447107,447107
447108,447108
701110,701110
447081,447081
451513,451513
451453,451453
447085,447085
442418,442418
701106,701106
447092,447092
451548,451548
447077,447077
447075,447075
447082,447082
451451,451451
451502,451502
451533,451533
451551,451551
451536,451536
451537,451537
451549,451549
447073,447073
447076,447076
701018,701018
701107,701107
451432,451432
451491,451491
451512,451512
447093,447093
447104,447104
447106,447106
442402,442402
442419,442419
442420,442420
442421,442421
447070,447070
447086,447086
447087,447087
451371,451371
451455,451455
451480,451480
451488,451488
451496,451496
451504,451504
451514,451514
451519,451519
451521,451521
451526,451526
451527,451527
451535,451535
451554,451554
700841,700841
701112,701112
846151,846151
871524,ET8715246
871525,ET8715254
871528,ET8715289
871531,ET8715319
871532,ET8715327
871534,ET8715343
871537,ET8715378
871538,ET8715386
871539,ET8715394
871540,ET8715408
871542,ET8715424
871543,ET8715432
871544,ET8715440
871545,ET8715459
871546,ET8715467
871547,ET8715475
871548,ET8715483
871549,ET8715491
871551,ET8715513
871553,ET871553K
871554,ET8715548
871567,ET871567K
871569,ET8715696
871571,ET8715718
871574,ET8715742
871579,ET8715793
871580,ET8715807
871581,ET8715815
871588,ET8715882
871589,ET8715890
871591,ET8715912
871594,ET8715947
871605,ET8716056
871628,ET8716285
871635,ET8716358
871637,ET8716374
871638,ET8716382
871642,ET8716420
871644,ET8716447
871645,ET8716455
871646,ET8716463
871667,ET8716676
871672,ET8716722
871673,ET8716730
871717,ET8717176
871718,ET8717184
871723,ET8717230
871730,ET8717303
871674,ET8716749
871541,ET8715416
871550,ET8715505
701103,701103
447083,447083
871533,ET8715335
701108,701108
451470,451470
871604,ET8716048
871641,ET8716412
701105,701105
871647,ET8716471
442403,442403
442411,442411
447066,447066
447069,447069
447084,447084
451498,451498
700713,700713
701019,701019
871623,ET8716234
871630,ET8716307
871631,ET8716315
871632,ET8716323
871633,ET8716331
871639,ET8716390
451553,451553
871640,ET8716404
871740,ET8717400
442405,442405
871600,ET8716005
871727,ET8717273
871671,ET8716714
871719,ET8717192
447098,447098
451596,451596
871741,ET8717419
871724,ET8717249
871720,ET8717206
871725,ET8717257
871750,ET8717508
451574,451574
871751,ET8717516
871739,ET8717397
451590,451590
447096,447096
451573,451573
871590,ET8715904
443218,443218
447103,447103
871742,ET8717427
443216,443216
447064,447064
846152,ET8715246
871729,ET871729K
871634,ET871634K
846218,ET8716218
871603,ET871603K
871624,ET8716242
871626,ET8716269
871728,ET8717281
447068,447068
871629,ET8716293
846216,846216
442401,442401
442422,442422
451472,451472
451473,451473
451474,451474
871622,ET8716226
700826,700826
871758,ET8717583
871759,ET8717591
871754,ET8717540
451592,451592
442427,442427
